id,Location,row,col,Date,Lat,Lon,SounderFt,Tdeploy,Tretrieve,Deployer,Lat.dec,Lon.dec,Date & Time,Temp(Â°C),Depth(m),Date_Time,delta_depth,updown
1,Transect7,3,2,7/16/22,42 59 49.6,70 37 15.8,59.6,NA,NA,Petra,42.99711111,-70.62105556,44758.5674074074,22.45,0.06,2022-07-16T13:37:03Z,1,down
1,Transect7,3,2,7/16/22,42 59 49.6,70 37 15.8,59.6,NA,NA,Petra,42.99711111,-70.62105556,44758.5674305556,21.31,0.43,2022-07-16T13:37:06Z,0,down
1,Transect7,3,2,7/16/22,42 59 49.6,70 37 15.8,59.6,NA,NA,Petra,42.99711111,-70.62105556,44758.5674537037,20.69,0.96,2022-07-16T13:37:07Z,0,down
1,Transect7,3,2,7/16/22,42 59 49.6,70 37 15.8,59.6,NA,NA,Petra,42.99711111,-70.62105556,44758.5674768519,20.22,1.5,2022-07-16T13:37:10Z,0,down
1,Transect7,3,2,7/16/22,42 59 49.6,70 37 15.8,59.6,NA,NA,Petra,42.99711111,-70.62105556,44758.5675,19.83,2.18,2022-07-16T13:37:11Z,0,down
1,Transect7,3,2,7/16/22,42 59 49.6,70 37 15.8,59.6,NA,NA,Petra,42.99711111,-70.62105556,44758.5675231482,19.48,2.79,2022-07-16T13:37:14Z,0,down
1,Transect7,3,2,7/16/22,42 59 49.6,70 37 15.8,59.6,NA,NA,Petra,42.99711111,-70.62105556,44758.5675462963,19.18,3.28,2022-07-16T13:37:16Z,0,down
1,Transect7,3,2,7/16/22,42 59 49.6,70 37 15.8,59.6,NA,NA,Petra,42.99711111,-70.62105556,44758.5675694444,18.85,3.8,2022-07-16T13:37:17Z,0,down
1,Transect7,3,2,7/16/22,42 59 49.6,70 37 15.8,59.6,NA,NA,Petra,42.99711111,-70.62105556,44758.5675925926,18.56,4.45,2022-07-16T13:37:20Z,0,down
1,Transect7,3,2,7/16/22,42 59 49.6,70 37 15.8,59.6,NA,NA,Petra,42.99711111,-70.62105556,44758.5676157407,18.29,5.14,2022-07-16T13:37:21Z,0,down
1,Transect7,3,2,7/16/22,42 59 49.6,70 37 15.8,59.6,NA,NA,Petra,42.99711111,-70.62105556,44758.5676388889,17.93,6.11,2022-07-16T13:37:24Z,0,down
1,Transect7,3,2,7/16/22,42 59 49.6,70 37 15.8,59.6,NA,NA,Petra,42.99711111,-70.62105556,44758.567662037,17.51,7.23,2022-07-16T13:37:25Z,0,down
1,Transect7,3,2,7/16/22,42 59 49.6,70 37 15.8,59.6,NA,NA,Petra,42.99711111,-70.62105556,44758.5676851852,16.99,8.27,2022-07-16T13:37:28Z,0,down
1,Transect7,3,2,7/16/22,42 59 49.6,70 37 15.8,59.6,NA,NA,Petra,42.99711111,-70.62105556,44758.5677083333,16.69,9.05,2022-07-16T13:37:29Z,0,down
1,Transect7,3,2,7/16/22,42 59 49.6,70 37 15.8,59.6,NA,NA,Petra,42.99711111,-70.62105556,44758.5677314815,16.12,9.95,2022-07-16T13:37:32Z,0,down
1,Transect7,3,2,7/16/22,42 59 49.6,70 37 15.8,59.6,NA,NA,Petra,42.99711111,-70.62105556,44758.5677546296,15.44,11.12,2022-07-16T13:37:33Z,0,down
1,Transect7,3,2,7/16/22,42 59 49.6,70 37 15.8,59.6,NA,NA,Petra,42.99711111,-70.62105556,44758.5677777778,14.98,11.81,2022-07-16T13:37:36Z,0,down
1,Transect7,3,2,7/16/22,42 59 49.6,70 37 15.8,59.6,NA,NA,Petra,42.99711111,-70.62105556,44758.5678009259,14.64,11.95,2022-07-16T13:37:37Z,0,down
1,Transect7,3,2,7/16/22,42 59 49.6,70 37 15.8,59.6,NA,NA,Petra,42.99711111,-70.62105556,44758.5678240741,14.27,12.65,2022-07-16T13:37:40Z,0,down
1,Transect7,3,2,7/16/22,42 59 49.6,70 37 15.8,59.6,NA,NA,Petra,42.99711111,-70.62105556,44758.5678472222,13.9,13.25,2022-07-16T13:37:41Z,0,down
1,Transect7,3,2,7/16/22,42 59 49.6,70 37 15.8,59.6,NA,NA,Petra,42.99711111,-70.62105556,44758.5678703704,13.55,14.2,2022-07-16T13:37:44Z,0,down
1,Transect7,3,2,7/16/22,42 59 49.6,70 37 15.8,59.6,NA,NA,Petra,42.99711111,-70.62105556,44758.5678935185,13.18,15.41,2022-07-16T13:37:45Z,0,down
1,Transect7,3,2,7/16/22,42 59 49.6,70 37 15.8,59.6,NA,NA,Petra,42.99711111,-70.62105556,44758.5679166667,12.74,16.35,2022-07-16T13:37:48Z,0,down
1,Transect7,3,2,7/16/22,42 59 49.6,70 37 15.8,59.6,NA,NA,Petra,42.99711111,-70.62105556,44758.5679398148,12.48,16.48,2022-07-16T13:37:49Z,0,down
1,Transect7,3,2,7/16/22,42 59 49.6,70 37 15.8,59.6,NA,NA,Petra,42.99711111,-70.62105556,44758.567962963,12.29,16.45,2022-07-16T13:37:52Z,0,down
1,Transect7,3,2,7/16/22,42 59 49.6,70 37 15.8,59.6,NA,NA,Petra,42.99711111,-70.62105556,44758.5679861111,11.88,16.49,2022-07-16T13:37:53Z,0,up
1,Transect7,3,2,7/16/22,42 59 49.6,70 37 15.8,59.6,NA,NA,Petra,42.99711111,-70.62105556,44758.5680092593,11.69,16.43,2022-07-16T13:37:56Z,0,up
1,Transect7,3,2,7/16/22,42 59 49.6,70 37 15.8,59.6,NA,NA,Petra,42.99711111,-70.62105556,44758.5680324074,11.52,16.47,2022-07-16T13:37:57Z,0,up
1,Transect7,3,2,7/16/22,42 59 49.6,70 37 15.8,59.6,NA,NA,Petra,42.99711111,-70.62105556,44758.5680555556,11.4,16.45,2022-07-16T13:38:00Z,0,up
1,Transect7,3,2,7/16/22,42 59 49.6,70 37 15.8,59.6,NA,NA,Petra,42.99711111,-70.62105556,44758.5680787037,11.27,16.43,2022-07-16T13:38:01Z,0,up
1,Transect7,3,2,7/16/22,42 59 49.6,70 37 15.8,59.6,NA,NA,Petra,42.99711111,-70.62105556,44758.5681018519,11.14,16.32,2022-07-16T13:38:04Z,0,up
1,Transect7,3,2,7/16/22,42 59 49.6,70 37 15.8,59.6,NA,NA,Petra,42.99711111,-70.62105556,44758.568125,11.01,16.11,2022-07-16T13:38:05Z,0,up
1,Transect7,3,2,7/16/22,42 59 49.6,70 37 15.8,59.6,NA,NA,Petra,42.99711111,-70.62105556,44758.5681481482,10.91,15.61,2022-07-16T13:38:08Z,0,up
1,Transect7,3,2,7/16/22,42 59 49.6,70 37 15.8,59.6,NA,NA,Petra,42.99711111,-70.62105556,44758.5681712963,10.85,14.82,2022-07-16T13:38:10Z,0,up
1,Transect7,3,2,7/16/22,42 59 49.6,70 37 15.8,59.6,NA,NA,Petra,42.99711111,-70.62105556,44758.5681944444,10.81,13.91,2022-07-16T13:38:11Z,0,up
1,Transect7,3,2,7/16/22,42 59 49.6,70 37 15.8,59.6,NA,NA,Petra,42.99711111,-70.62105556,44758.5682175926,10.85,13.04,2022-07-16T13:38:14Z,0,up
1,Transect7,3,2,7/16/22,42 59 49.6,70 37 15.8,59.6,NA,NA,Petra,42.99711111,-70.62105556,44758.5682407407,10.94,11.98,2022-07-16T13:38:15Z,0,up
1,Transect7,3,2,7/16/22,42 59 49.6,70 37 15.8,59.6,NA,NA,Petra,42.99711111,-70.62105556,44758.5682638889,11.14,10.87,2022-07-16T13:38:18Z,0,up
1,Transect7,3,2,7/16/22,42 59 49.6,70 37 15.8,59.6,NA,NA,Petra,42.99711111,-70.62105556,44758.568287037,11.3,10.02,2022-07-16T13:38:19Z,0,up
1,Transect7,3,2,7/16/22,42 59 49.6,70 37 15.8,59.6,NA,NA,Petra,42.99711111,-70.62105556,44758.5683101852,11.81,7.87,2022-07-16T13:38:22Z,0,up
1,Transect7,3,2,7/16/22,42 59 49.6,70 37 15.8,59.6,NA,NA,Petra,42.99711111,-70.62105556,44758.5683333333,12.13,6.71,2022-07-16T13:38:23Z,0,up
1,Transect7,3,2,7/16/22,42 59 49.6,70 37 15.8,59.6,NA,NA,Petra,42.99711111,-70.62105556,44758.5683564815,12.48,5.54,2022-07-16T13:38:26Z,0,up
1,Transect7,3,2,7/16/22,42 59 49.6,70 37 15.8,59.6,NA,NA,Petra,42.99711111,-70.62105556,44758.5683796296,12.83,4.34,2022-07-16T13:38:27Z,0,up
1,Transect7,3,2,7/16/22,42 59 49.6,70 37 15.8,59.6,NA,NA,Petra,42.99711111,-70.62105556,44758.5684027778,13.18,3.24,2022-07-16T13:38:30Z,0,up
1,Transect7,3,2,7/16/22,42 59 49.6,70 37 15.8,59.6,NA,NA,Petra,42.99711111,-70.62105556,44758.5684259259,13.43,2.05,2022-07-16T13:38:31Z,0,up
1,Transect7,3,2,7/16/22,42 59 49.6,70 37 15.8,59.6,NA,NA,Petra,42.99711111,-70.62105556,44758.5684490741,13.65,0.96,2022-07-16T13:38:34Z,0,up
2,Transect7a,2,2,7/16/22,42 59 49.8,70 37 17.5,55.2,NA,NA,Petra,42.99716667,-70.62152778,44758.5746527778,16.87,0.09,2022-07-16T13:47:30Z,1,down
2,Transect7a,2,2,7/16/22,42 59 49.8,70 37 17.5,55.2,NA,NA,Petra,42.99716667,-70.62152778,44758.5746759259,16.78,0.69,2022-07-16T13:47:31Z,0,down
2,Transect7a,2,2,7/16/22,42 59 49.8,70 37 17.5,55.2,NA,NA,Petra,42.99716667,-70.62152778,44758.5746990741,16.57,1.43,2022-07-16T13:47:34Z,0,down
2,Transect7a,2,2,7/16/22,42 59 49.8,70 37 17.5,55.2,NA,NA,Petra,42.99716667,-70.62152778,44758.5747222222,16.42,2.21,2022-07-16T13:47:35Z,0,down
2,Transect7a,2,2,7/16/22,42 59 49.8,70 37 17.5,55.2,NA,NA,Petra,42.99716667,-70.62152778,44758.5747453704,16.3,2.82,2022-07-16T13:47:38Z,0,down
2,Transect7a,2,2,7/16/22,42 59 49.8,70 37 17.5,55.2,NA,NA,Petra,42.99716667,-70.62152778,44758.5747685185,16.15,3.23,2022-07-16T13:47:39Z,0,down
2,Transect7a,2,2,7/16/22,42 59 49.8,70 37 17.5,55.2,NA,NA,Petra,42.99716667,-70.62152778,44758.5747916667,15.99,3.57,2022-07-16T13:47:42Z,0,down
2,Transect7a,2,2,7/16/22,42 59 49.8,70 37 17.5,55.2,NA,NA,Petra,42.99716667,-70.62152778,44758.5748148148,15.87,4.08,2022-07-16T13:47:43Z,0,down
2,Transect7a,2,2,7/16/22,42 59 49.8,70 37 17.5,55.2,NA,NA,Petra,42.99716667,-70.62152778,44758.574837963,15.72,4.75,2022-07-16T13:47:46Z,0,down
2,Transect7a,2,2,7/16/22,42 59 49.8,70 37 17.5,55.2,NA,NA,Petra,42.99716667,-70.62152778,44758.5748611111,15.57,5.68,2022-07-16T13:47:47Z,0,down
2,Transect7a,2,2,7/16/22,42 59 49.8,70 37 17.5,55.2,NA,NA,Petra,42.99716667,-70.62152778,44758.5748842593,15.29,6.53,2022-07-16T13:47:50Z,0,down
2,Transect7a,2,2,7/16/22,42 59 49.8,70 37 17.5,55.2,NA,NA,Petra,42.99716667,-70.62152778,44758.5749074074,15.01,7.25,2022-07-16T13:47:51Z,0,down
2,Transect7a,2,2,7/16/22,42 59 49.8,70 37 17.5,55.2,NA,NA,Petra,42.99716667,-70.62152778,44758.5749305556,14.7,8.18,2022-07-16T13:47:54Z,0,down
2,Transect7a,2,2,7/16/22,42 59 49.8,70 37 17.5,55.2,NA,NA,Petra,42.99716667,-70.62152778,44758.5749537037,14.24,9,2022-07-16T13:47:55Z,0,down
2,Transect7a,2,2,7/16/22,42 59 49.8,70 37 17.5,55.2,NA,NA,Petra,42.99716667,-70.62152778,44758.5749768519,13.87,9.63,2022-07-16T13:47:58Z,0,down
2,Transect7a,2,2,7/16/22,42 59 49.8,70 37 17.5,55.2,NA,NA,Petra,42.99716667,-70.62152778,44758.575,13.55,10.6,2022-07-16T13:47:59Z,0,down
2,Transect7a,2,2,7/16/22,42 59 49.8,70 37 17.5,55.2,NA,NA,Petra,42.99716667,-70.62152778,44758.5750231482,13.18,11.55,2022-07-16T13:48:02Z,0,down
2,Transect7a,2,2,7/16/22,42 59 49.8,70 37 17.5,55.2,NA,NA,Petra,42.99716667,-70.62152778,44758.5750462963,12.89,12.29,2022-07-16T13:48:04Z,0,down
2,Transect7a,2,2,7/16/22,42 59 49.8,70 37 17.5,55.2,NA,NA,Petra,42.99716667,-70.62152778,44758.5750694444,12.51,12.79,2022-07-16T13:48:05Z,0,down
2,Transect7a,2,2,7/16/22,42 59 49.8,70 37 17.5,55.2,NA,NA,Petra,42.99716667,-70.62152778,44758.5750925926,12.23,13.59,2022-07-16T13:48:08Z,0,down
2,Transect7a,2,2,7/16/22,42 59 49.8,70 37 17.5,55.2,NA,NA,Petra,42.99716667,-70.62152778,44758.5751157407,11.94,14.27,2022-07-16T13:48:09Z,0,down
2,Transect7a,2,2,7/16/22,42 59 49.8,70 37 17.5,55.2,NA,NA,Petra,42.99716667,-70.62152778,44758.5751388889,11.72,14.88,2022-07-16T13:48:12Z,0,down
2,Transect7a,2,2,7/16/22,42 59 49.8,70 37 17.5,55.2,NA,NA,Petra,42.99716667,-70.62152778,44758.575162037,11.49,15.4,2022-07-16T13:48:13Z,0,down
2,Transect7a,2,2,7/16/22,42 59 49.8,70 37 17.5,55.2,NA,NA,Petra,42.99716667,-70.62152778,44758.5751851852,11.27,16.24,2022-07-16T13:48:16Z,0,down
2,Transect7a,2,2,7/16/22,42 59 49.8,70 37 17.5,55.2,NA,NA,Petra,42.99716667,-70.62152778,44758.5752083333,11.04,16.72,2022-07-16T13:48:17Z,0,down
2,Transect7a,2,2,7/16/22,42 59 49.8,70 37 17.5,55.2,NA,NA,Petra,42.99716667,-70.62152778,44758.5752314815,10.88,16.7,2022-07-16T13:48:20Z,0,down
2,Transect7a,2,2,7/16/22,42 59 49.8,70 37 17.5,55.2,NA,NA,Petra,42.99716667,-70.62152778,44758.5752546296,10.78,16.78,2022-07-16T13:48:21Z,0,down
2,Transect7a,2,2,7/16/22,42 59 49.8,70 37 17.5,55.2,NA,NA,Petra,42.99716667,-70.62152778,44758.5752777778,10.65,16.77,2022-07-16T13:48:24Z,0,down
2,Transect7a,2,2,7/16/22,42 59 49.8,70 37 17.5,55.2,NA,NA,Petra,42.99716667,-70.62152778,44758.5753009259,10.55,16.56,2022-07-16T13:48:25Z,0,down
2,Transect7a,2,2,7/16/22,42 59 49.8,70 37 17.5,55.2,NA,NA,Petra,42.99716667,-70.62152778,44758.5753240741,10.45,16.71,2022-07-16T13:48:28Z,0,down
2,Transect7a,2,2,7/16/22,42 59 49.8,70 37 17.5,55.2,NA,NA,Petra,42.99716667,-70.62152778,44758.5753472222,10.36,16.72,2022-07-16T13:48:29Z,0,down
2,Transect7a,2,2,7/16/22,42 59 49.8,70 37 17.5,55.2,NA,NA,Petra,42.99716667,-70.62152778,44758.5753703704,10.29,16.75,2022-07-16T13:48:32Z,0,down
2,Transect7a,2,2,7/16/22,42 59 49.8,70 37 17.5,55.2,NA,NA,Petra,42.99716667,-70.62152778,44758.5753935185,10.23,16.84,2022-07-16T13:48:33Z,0,up
2,Transect7a,2,2,7/16/22,42 59 49.8,70 37 17.5,55.2,NA,NA,Petra,42.99716667,-70.62152778,44758.5754166667,10.06,16.78,2022-07-16T13:48:36Z,0,up
2,Transect7a,2,2,7/16/22,42 59 49.8,70 37 17.5,55.2,NA,NA,Petra,42.99716667,-70.62152778,44758.5754398148,10,16.8,2022-07-16T13:48:37Z,0,up
2,Transect7a,2,2,7/16/22,42 59 49.8,70 37 17.5,55.2,NA,NA,Petra,42.99716667,-70.62152778,44758.575462963,9.93,16.79,2022-07-16T13:48:40Z,0,up
2,Transect7a,2,2,7/16/22,42 59 49.8,70 37 17.5,55.2,NA,NA,Petra,42.99716667,-70.62152778,44758.5754861111,9.9,16.66,2022-07-16T13:48:41Z,0,up
2,Transect7a,2,2,7/16/22,42 59 49.8,70 37 17.5,55.2,NA,NA,Petra,42.99716667,-70.62152778,44758.5755092593,9.83,16.71,2022-07-16T13:48:44Z,0,up
2,Transect7a,2,2,7/16/22,42 59 49.8,70 37 17.5,55.2,NA,NA,Petra,42.99716667,-70.62152778,44758.5755324074,9.8,16.64,2022-07-16T13:48:45Z,0,up
2,Transect7a,2,2,7/16/22,42 59 49.8,70 37 17.5,55.2,NA,NA,Petra,42.99716667,-70.62152778,44758.5755555556,9.76,16.54,2022-07-16T13:48:48Z,0,up
2,Transect7a,2,2,7/16/22,42 59 49.8,70 37 17.5,55.2,NA,NA,Petra,42.99716667,-70.62152778,44758.5755787037,9.73,16.6,2022-07-16T13:48:49Z,0,up
2,Transect7a,2,2,7/16/22,42 59 49.8,70 37 17.5,55.2,NA,NA,Petra,42.99716667,-70.62152778,44758.5756018519,9.7,16.6,2022-07-16T13:48:52Z,0,up
2,Transect7a,2,2,7/16/22,42 59 49.8,70 37 17.5,55.2,NA,NA,Petra,42.99716667,-70.62152778,44758.575625,9.7,16.47,2022-07-16T13:48:53Z,0,up
2,Transect7a,2,2,7/16/22,42 59 49.8,70 37 17.5,55.2,NA,NA,Petra,42.99716667,-70.62152778,44758.5756481482,9.67,16.21,2022-07-16T13:48:56Z,0,up
2,Transect7a,2,2,7/16/22,42 59 49.8,70 37 17.5,55.2,NA,NA,Petra,42.99716667,-70.62152778,44758.5756712963,9.63,15.94,2022-07-16T13:48:58Z,0,up
2,Transect7a,2,2,7/16/22,42 59 49.8,70 37 17.5,55.2,NA,NA,Petra,42.99716667,-70.62152778,44758.5756944444,9.6,15.78,2022-07-16T13:48:59Z,0,up
2,Transect7a,2,2,7/16/22,42 59 49.8,70 37 17.5,55.2,NA,NA,Petra,42.99716667,-70.62152778,44758.5757175926,9.57,15.61,2022-07-16T13:49:02Z,0,up
2,Transect7a,2,2,7/16/22,42 59 49.8,70 37 17.5,55.2,NA,NA,Petra,42.99716667,-70.62152778,44758.5757407407,9.53,15.28,2022-07-16T13:49:03Z,0,up
2,Transect7a,2,2,7/16/22,42 59 49.8,70 37 17.5,55.2,NA,NA,Petra,42.99716667,-70.62152778,44758.5757638889,9.53,14.99,2022-07-16T13:49:06Z,0,up
2,Transect7a,2,2,7/16/22,42 59 49.8,70 37 17.5,55.2,NA,NA,Petra,42.99716667,-70.62152778,44758.575787037,9.53,14.86,2022-07-16T13:49:07Z,0,up
2,Transect7a,2,2,7/16/22,42 59 49.8,70 37 17.5,55.2,NA,NA,Petra,42.99716667,-70.62152778,44758.5758101852,9.53,14.54,2022-07-16T13:49:10Z,0,up
2,Transect7a,2,2,7/16/22,42 59 49.8,70 37 17.5,55.2,NA,NA,Petra,42.99716667,-70.62152778,44758.5758333333,9.53,14.51,2022-07-16T13:49:11Z,0,up
2,Transect7a,2,2,7/16/22,42 59 49.8,70 37 17.5,55.2,NA,NA,Petra,42.99716667,-70.62152778,44758.5758564815,9.53,14.51,2022-07-16T13:49:14Z,0,up
2,Transect7a,2,2,7/16/22,42 59 49.8,70 37 17.5,55.2,NA,NA,Petra,42.99716667,-70.62152778,44758.5758796296,9.53,14.44,2022-07-16T13:49:15Z,0,up
2,Transect7a,2,2,7/16/22,42 59 49.8,70 37 17.5,55.2,NA,NA,Petra,42.99716667,-70.62152778,44758.5759027778,9.5,14.47,2022-07-16T13:49:18Z,0,up
2,Transect7a,2,2,7/16/22,42 59 49.8,70 37 17.5,55.2,NA,NA,Petra,42.99716667,-70.62152778,44758.5759259259,9.5,14.47,2022-07-16T13:49:19Z,0,up
2,Transect7a,2,2,7/16/22,42 59 49.8,70 37 17.5,55.2,NA,NA,Petra,42.99716667,-70.62152778,44758.5759490741,9.53,13.99,2022-07-16T13:49:22Z,0,up
2,Transect7a,2,2,7/16/22,42 59 49.8,70 37 17.5,55.2,NA,NA,Petra,42.99716667,-70.62152778,44758.5759722222,9.57,13.7,2022-07-16T13:49:23Z,0,up
2,Transect7a,2,2,7/16/22,42 59 49.8,70 37 17.5,55.2,NA,NA,Petra,42.99716667,-70.62152778,44758.5759953704,9.6,13.61,2022-07-16T13:49:26Z,0,up
2,Transect7a,2,2,7/16/22,42 59 49.8,70 37 17.5,55.2,NA,NA,Petra,42.99716667,-70.62152778,44758.5760185185,9.6,13.38,2022-07-16T13:49:27Z,0,up
2,Transect7a,2,2,7/16/22,42 59 49.8,70 37 17.5,55.2,NA,NA,Petra,42.99716667,-70.62152778,44758.5760416667,9.63,13.06,2022-07-16T13:49:30Z,0,up
2,Transect7a,2,2,7/16/22,42 59 49.8,70 37 17.5,55.2,NA,NA,Petra,42.99716667,-70.62152778,44758.5760648148,9.67,12.9,2022-07-16T13:49:31Z,0,up
2,Transect7a,2,2,7/16/22,42 59 49.8,70 37 17.5,55.2,NA,NA,Petra,42.99716667,-70.62152778,44758.576087963,9.7,12.91,2022-07-16T13:49:34Z,0,up
2,Transect7a,2,2,7/16/22,42 59 49.8,70 37 17.5,55.2,NA,NA,Petra,42.99716667,-70.62152778,44758.5761111111,9.73,12.88,2022-07-16T13:49:35Z,0,up
2,Transect7a,2,2,7/16/22,42 59 49.8,70 37 17.5,55.2,NA,NA,Petra,42.99716667,-70.62152778,44758.5761342593,9.76,12.76,2022-07-16T13:49:38Z,0,up
2,Transect7a,2,2,7/16/22,42 59 49.8,70 37 17.5,55.2,NA,NA,Petra,42.99716667,-70.62152778,44758.5761574074,9.8,12.76,2022-07-16T13:49:39Z,0,up
2,Transect7a,2,2,7/16/22,42 59 49.8,70 37 17.5,55.2,NA,NA,Petra,42.99716667,-70.62152778,44758.5761805556,9.8,12.76,2022-07-16T13:49:42Z,0,up
2,Transect7a,2,2,7/16/22,42 59 49.8,70 37 17.5,55.2,NA,NA,Petra,42.99716667,-70.62152778,44758.5762037037,9.83,12.54,2022-07-16T13:49:43Z,0,up
2,Transect7a,2,2,7/16/22,42 59 49.8,70 37 17.5,55.2,NA,NA,Petra,42.99716667,-70.62152778,44758.5762268519,9.86,12.38,2022-07-16T13:49:46Z,0,up
2,Transect7a,2,2,7/16/22,42 59 49.8,70 37 17.5,55.2,NA,NA,Petra,42.99716667,-70.62152778,44758.57625,9.9,12.29,2022-07-16T13:49:47Z,0,up
2,Transect7a,2,2,7/16/22,42 59 49.8,70 37 17.5,55.2,NA,NA,Petra,42.99716667,-70.62152778,44758.5762731481,9.9,12.13,2022-07-16T13:49:49Z,0,up
2,Transect7a,2,2,7/16/22,42 59 49.8,70 37 17.5,55.2,NA,NA,Petra,42.99716667,-70.62152778,44758.5762962963,9.9,11.96,2022-07-16T13:49:52Z,0,up
2,Transect7a,2,2,7/16/22,42 59 49.8,70 37 17.5,55.2,NA,NA,Petra,42.99716667,-70.62152778,44758.5763194444,9.93,11.58,2022-07-16T13:49:53Z,0,up
2,Transect7a,2,2,7/16/22,42 59 49.8,70 37 17.5,55.2,NA,NA,Petra,42.99716667,-70.62152778,44758.5763425926,10,11.3,2022-07-16T13:49:56Z,0,up
2,Transect7a,2,2,7/16/22,42 59 49.8,70 37 17.5,55.2,NA,NA,Petra,42.99716667,-70.62152778,44758.5763657407,10.06,10.88,2022-07-16T13:49:57Z,0,up
2,Transect7a,2,2,7/16/22,42 59 49.8,70 37 17.5,55.2,NA,NA,Petra,42.99716667,-70.62152778,44758.5763888889,10.26,10.65,2022-07-16T13:50:00Z,0,up
2,Transect7a,2,2,7/16/22,42 59 49.8,70 37 17.5,55.2,NA,NA,Petra,42.99716667,-70.62152778,44758.576412037,10.42,10.19,2022-07-16T13:50:01Z,0,up
2,Transect7a,2,2,7/16/22,42 59 49.8,70 37 17.5,55.2,NA,NA,Petra,42.99716667,-70.62152778,44758.5764351852,10.59,9.62,2022-07-16T13:50:04Z,0,up
2,Transect7a,2,2,7/16/22,42 59 49.8,70 37 17.5,55.2,NA,NA,Petra,42.99716667,-70.62152778,44758.5764583333,10.72,9.09,2022-07-16T13:50:05Z,0,up
2,Transect7a,2,2,7/16/22,42 59 49.8,70 37 17.5,55.2,NA,NA,Petra,42.99716667,-70.62152778,44758.5764814815,10.85,8.42,2022-07-16T13:50:08Z,0,up
2,Transect7a,2,2,7/16/22,42 59 49.8,70 37 17.5,55.2,NA,NA,Petra,42.99716667,-70.62152778,44758.5765046296,11.14,7.74,2022-07-16T13:50:09Z,0,up
2,Transect7a,2,2,7/16/22,42 59 49.8,70 37 17.5,55.2,NA,NA,Petra,42.99716667,-70.62152778,44758.5765277778,11.43,7.13,2022-07-16T13:50:12Z,0,up
2,Transect7a,2,2,7/16/22,42 59 49.8,70 37 17.5,55.2,NA,NA,Petra,42.99716667,-70.62152778,44758.5765509259,11.85,6.27,2022-07-16T13:50:13Z,0,up
2,Transect7a,2,2,7/16/22,42 59 49.8,70 37 17.5,55.2,NA,NA,Petra,42.99716667,-70.62152778,44758.5765740741,12.13,5.26,2022-07-16T13:50:16Z,0,up
2,Transect7a,2,2,7/16/22,42 59 49.8,70 37 17.5,55.2,NA,NA,Petra,42.99716667,-70.62152778,44758.5765972222,12.55,4.4,2022-07-16T13:50:17Z,0,up
2,Transect7a,2,2,7/16/22,42 59 49.8,70 37 17.5,55.2,NA,NA,Petra,42.99716667,-70.62152778,44758.5766203704,12.86,3.59,2022-07-16T13:50:20Z,0,up
2,Transect7a,2,2,7/16/22,42 59 49.8,70 37 17.5,55.2,NA,NA,Petra,42.99716667,-70.62152778,44758.5766435185,13.08,2.83,2022-07-16T13:50:21Z,0,up
2,Transect7a,2,2,7/16/22,42 59 49.8,70 37 17.5,55.2,NA,NA,Petra,42.99716667,-70.62152778,44758.5766666667,13.27,2.53,2022-07-16T13:50:24Z,0,up
2,Transect7a,2,2,7/16/22,42 59 49.8,70 37 17.5,55.2,NA,NA,Petra,42.99716667,-70.62152778,44758.5766898148,13.4,2.05,2022-07-16T13:50:25Z,0,up
2,Transect7a,2,2,7/16/22,42 59 49.8,70 37 17.5,55.2,NA,NA,Petra,42.99716667,-70.62152778,44758.576712963,13.49,1.83,2022-07-16T13:50:28Z,0,up
2,Transect7a,2,2,7/16/22,42 59 49.8,70 37 17.5,55.2,NA,NA,Petra,42.99716667,-70.62152778,44758.5767361111,13.62,1.06,2022-07-16T13:50:29Z,0,up
3,Transect9,1,2,7/16/22,42 59 59.0,70 36 97.2,56.7,NA,NA,Aly,42.99972222,-70.627,44758.5767592593,13.71,0.23,2022-07-16T13:50:32Z,1,down
3,Transect9,1,2,7/16/22,42 59 59.0,70 36 97.2,56.7,NA,NA,Aly,42.99972222,-70.627,44758.5818981481,16.08,0.59,2022-07-16T13:57:55Z,0,down
3,Transect9,1,2,7/16/22,42 59 59.0,70 36 97.2,56.7,NA,NA,Aly,42.99972222,-70.627,44758.5819212963,15.93,0.86,2022-07-16T13:57:58Z,0,down
3,Transect9,1,2,7/16/22,42 59 59.0,70 36 97.2,56.7,NA,NA,Aly,42.99972222,-70.627,44758.5819444444,15.81,1.53,2022-07-16T13:57:59Z,0,down
3,Transect9,1,2,7/16/22,42 59 59.0,70 36 97.2,56.7,NA,NA,Aly,42.99972222,-70.627,44758.5819675926,15.72,2.41,2022-07-16T13:58:02Z,0,down
3,Transect9,1,2,7/16/22,42 59 59.0,70 36 97.2,56.7,NA,NA,Aly,42.99972222,-70.627,44758.5819907407,15.63,3.26,2022-07-16T13:58:03Z,0,down
3,Transect9,1,2,7/16/22,42 59 59.0,70 36 97.2,56.7,NA,NA,Aly,42.99972222,-70.627,44758.5820138889,15.5,3.8,2022-07-16T13:58:06Z,0,down
3,Transect9,1,2,7/16/22,42 59 59.0,70 36 97.2,56.7,NA,NA,Aly,42.99972222,-70.627,44758.582037037,15.35,4.63,2022-07-16T13:58:07Z,0,down
3,Transect9,1,2,7/16/22,42 59 59.0,70 36 97.2,56.7,NA,NA,Aly,42.99972222,-70.627,44758.5820601852,15.14,5.23,2022-07-16T13:58:10Z,0,down
3,Transect9,1,2,7/16/22,42 59 59.0,70 36 97.2,56.7,NA,NA,Aly,42.99972222,-70.627,44758.5820833333,14.83,5.81,2022-07-16T13:58:11Z,0,down
3,Transect9,1,2,7/16/22,42 59 59.0,70 36 97.2,56.7,NA,NA,Aly,42.99972222,-70.627,44758.5821064815,14.49,6.55,2022-07-16T13:58:14Z,0,down
3,Transect9,1,2,7/16/22,42 59 59.0,70 36 97.2,56.7,NA,NA,Aly,42.99972222,-70.627,44758.5821296296,14.02,7.17,2022-07-16T13:58:15Z,0,down
3,Transect9,1,2,7/16/22,42 59 59.0,70 36 97.2,56.7,NA,NA,Aly,42.99972222,-70.627,44758.5821527778,13.62,7.93,2022-07-16T13:58:18Z,0,down
3,Transect9,1,2,7/16/22,42 59 59.0,70 36 97.2,56.7,NA,NA,Aly,42.99972222,-70.627,44758.5821759259,13.37,8.68,2022-07-16T13:58:19Z,0,down
3,Transect9,1,2,7/16/22,42 59 59.0,70 36 97.2,56.7,NA,NA,Aly,42.99972222,-70.627,44758.5821990741,13.15,9.37,2022-07-16T13:58:22Z,0,down
3,Transect9,1,2,7/16/22,42 59 59.0,70 36 97.2,56.7,NA,NA,Aly,42.99972222,-70.627,44758.5822222222,12.86,10.01,2022-07-16T13:58:23Z,0,down
3,Transect9,1,2,7/16/22,42 59 59.0,70 36 97.2,56.7,NA,NA,Aly,42.99972222,-70.627,44758.5822453704,12.64,10.83,2022-07-16T13:58:26Z,0,down
3,Transect9,1,2,7/16/22,42 59 59.0,70 36 97.2,56.7,NA,NA,Aly,42.99972222,-70.627,44758.5822685185,12.48,11.59,2022-07-16T13:58:27Z,0,down
3,Transect9,1,2,7/16/22,42 59 59.0,70 36 97.2,56.7,NA,NA,Aly,42.99972222,-70.627,44758.5822916667,12.36,12.35,2022-07-16T13:58:30Z,0,down
3,Transect9,1,2,7/16/22,42 59 59.0,70 36 97.2,56.7,NA,NA,Aly,42.99972222,-70.627,44758.5823148148,12.23,13.24,2022-07-16T13:58:31Z,0,down
3,Transect9,1,2,7/16/22,42 59 59.0,70 36 97.2,56.7,NA,NA,Aly,42.99972222,-70.627,44758.582337963,12.01,13.98,2022-07-16T13:58:34Z,0,down
3,Transect9,1,2,7/16/22,42 59 59.0,70 36 97.2,56.7,NA,NA,Aly,42.99972222,-70.627,44758.5823611111,11.78,14.96,2022-07-16T13:58:35Z,0,down
3,Transect9,1,2,7/16/22,42 59 59.0,70 36 97.2,56.7,NA,NA,Aly,42.99972222,-70.627,44758.5823842593,11.62,15.68,2022-07-16T13:58:38Z,0,down
3,Transect9,1,2,7/16/22,42 59 59.0,70 36 97.2,56.7,NA,NA,Aly,42.99972222,-70.627,44758.5824074074,11.33,16.48,2022-07-16T13:58:39Z,0,down
3,Transect9,1,2,7/16/22,42 59 59.0,70 36 97.2,56.7,NA,NA,Aly,42.99972222,-70.627,44758.5824305556,11.04,16.47,2022-07-16T13:58:42Z,0,down
3,Transect9,1,2,7/16/22,42 59 59.0,70 36 97.2,56.7,NA,NA,Aly,42.99972222,-70.627,44758.5824537037,10.85,16.5,2022-07-16T13:58:43Z,0,up
3,Transect9,1,2,7/16/22,42 59 59.0,70 36 97.2,56.7,NA,NA,Aly,42.99972222,-70.627,44758.5824768519,10.72,16.48,2022-07-16T13:58:46Z,0,up
3,Transect9,1,2,7/16/22,42 59 59.0,70 36 97.2,56.7,NA,NA,Aly,42.99972222,-70.627,44758.5825,10.62,16.41,2022-07-16T13:58:47Z,0,up
3,Transect9,1,2,7/16/22,42 59 59.0,70 36 97.2,56.7,NA,NA,Aly,42.99972222,-70.627,44758.5825231482,10.52,16.42,2022-07-16T13:58:50Z,0,up
3,Transect9,1,2,7/16/22,42 59 59.0,70 36 97.2,56.7,NA,NA,Aly,42.99972222,-70.627,44758.5825462963,10.42,16.44,2022-07-16T13:58:52Z,0,up
3,Transect9,1,2,7/16/22,42 59 59.0,70 36 97.2,56.7,NA,NA,Aly,42.99972222,-70.627,44758.5825694444,10.32,16.11,2022-07-16T13:58:53Z,0,up
3,Transect9,1,2,7/16/22,42 59 59.0,70 36 97.2,56.7,NA,NA,Aly,42.99972222,-70.627,44758.5825925926,10.26,15.39,2022-07-16T13:58:56Z,0,up
3,Transect9,1,2,7/16/22,42 59 59.0,70 36 97.2,56.7,NA,NA,Aly,42.99972222,-70.627,44758.5826157407,10.32,14.52,2022-07-16T13:58:57Z,0,up
3,Transect9,1,2,7/16/22,42 59 59.0,70 36 97.2,56.7,NA,NA,Aly,42.99972222,-70.627,44758.5826388889,10.49,13.64,2022-07-16T13:59:00Z,0,up
3,Transect9,1,2,7/16/22,42 59 59.0,70 36 97.2,56.7,NA,NA,Aly,42.99972222,-70.627,44758.582662037,10.52,12.77,2022-07-16T13:59:01Z,0,up
3,Transect9,1,2,7/16/22,42 59 59.0,70 36 97.2,56.7,NA,NA,Aly,42.99972222,-70.627,44758.5826851852,10.52,11.92,2022-07-16T13:59:04Z,0,up
3,Transect9,1,2,7/16/22,42 59 59.0,70 36 97.2,56.7,NA,NA,Aly,42.99972222,-70.627,44758.5827083333,10.62,11.03,2022-07-16T13:59:05Z,0,up
3,Transect9,1,2,7/16/22,42 59 59.0,70 36 97.2,56.7,NA,NA,Aly,42.99972222,-70.627,44758.5827314815,10.68,10.19,2022-07-16T13:59:08Z,0,up
3,Transect9,1,2,7/16/22,42 59 59.0,70 36 97.2,56.7,NA,NA,Aly,42.99972222,-70.627,44758.5827546296,10.75,9.42,2022-07-16T13:59:09Z,0,up
3,Transect9,1,2,7/16/22,42 59 59.0,70 36 97.2,56.7,NA,NA,Aly,42.99972222,-70.627,44758.5827777778,10.85,8.36,2022-07-16T13:59:12Z,0,up
3,Transect9,1,2,7/16/22,42 59 59.0,70 36 97.2,56.7,NA,NA,Aly,42.99972222,-70.627,44758.5828009259,10.98,7.26,2022-07-16T13:59:13Z,0,up
3,Transect9,1,2,7/16/22,42 59 59.0,70 36 97.2,56.7,NA,NA,Aly,42.99972222,-70.627,44758.5828240741,11.14,6.27,2022-07-16T13:59:16Z,0,up
3,Transect9,1,2,7/16/22,42 59 59.0,70 36 97.2,56.7,NA,NA,Aly,42.99972222,-70.627,44758.5828472222,11.4,5.19,2022-07-16T13:59:17Z,0,up
3,Transect9,1,2,7/16/22,42 59 59.0,70 36 97.2,56.7,NA,NA,Aly,42.99972222,-70.627,44758.5828703704,12.04,3.97,2022-07-16T13:59:20Z,0,up
3,Transect9,1,2,7/16/22,42 59 59.0,70 36 97.2,56.7,NA,NA,Aly,42.99972222,-70.627,44758.5828935185,12.51,3.08,2022-07-16T13:59:21Z,0,up
3,Transect9,1,2,7/16/22,42 59 59.0,70 36 97.2,56.7,NA,NA,Aly,42.99972222,-70.627,44758.5829166667,12.86,2.14,2022-07-16T13:59:24Z,0,up
3,Transect9,1,2,7/16/22,42 59 59.0,70 36 97.2,56.7,NA,NA,Aly,42.99972222,-70.627,44758.5829398148,13.08,0.96,2022-07-16T13:59:25Z,0,up
4,DevilsDanceFloor,1,3,7/16/22,42 59 62.3,70 36 76.5,44.5,NA,NA,Sarah,43.00063889,-70.62125,44758.586875,15.69,0.13,2022-07-16T14:05:06Z,1,down
4,DevilsDanceFloor,1,3,7/16/22,42 59 62.3,70 36 76.5,44.5,NA,NA,Sarah,43.00063889,-70.62125,44758.5868981481,15.44,1.28,2022-07-16T14:05:07Z,0,down
4,DevilsDanceFloor,1,3,7/16/22,42 59 62.3,70 36 76.5,44.5,NA,NA,Sarah,43.00063889,-70.62125,44758.5869212963,15.17,2.83,2022-07-16T14:05:10Z,0,down
4,DevilsDanceFloor,1,3,7/16/22,42 59 62.3,70 36 76.5,44.5,NA,NA,Sarah,43.00063889,-70.62125,44758.5869444444,14.7,4.02,2022-07-16T14:05:11Z,0,down
4,DevilsDanceFloor,1,3,7/16/22,42 59 62.3,70 36 76.5,44.5,NA,NA,Sarah,43.00063889,-70.62125,44758.5869675926,14.4,5.42,2022-07-16T14:05:14Z,0,down
4,DevilsDanceFloor,1,3,7/16/22,42 59 62.3,70 36 76.5,44.5,NA,NA,Sarah,43.00063889,-70.62125,44758.5869907407,14.21,6.81,2022-07-16T14:05:15Z,0,down
4,DevilsDanceFloor,1,3,7/16/22,42 59 62.3,70 36 76.5,44.5,NA,NA,Sarah,43.00063889,-70.62125,44758.5870138889,13.93,7.72,2022-07-16T14:05:18Z,0,down
4,DevilsDanceFloor,1,3,7/16/22,42 59 62.3,70 36 76.5,44.5,NA,NA,Sarah,43.00063889,-70.62125,44758.587037037,13.52,8.54,2022-07-16T14:05:19Z,0,down
4,DevilsDanceFloor,1,3,7/16/22,42 59 62.3,70 36 76.5,44.5,NA,NA,Sarah,43.00063889,-70.62125,44758.5870601852,12.77,10.03,2022-07-16T14:05:22Z,0,down
4,DevilsDanceFloor,1,3,7/16/22,42 59 62.3,70 36 76.5,44.5,NA,NA,Sarah,43.00063889,-70.62125,44758.5870833333,12.16,11.02,2022-07-16T14:05:23Z,0,down
4,DevilsDanceFloor,1,3,7/16/22,42 59 62.3,70 36 76.5,44.5,NA,NA,Sarah,43.00063889,-70.62125,44758.5871064815,11.88,12.02,2022-07-16T14:05:26Z,0,down
4,DevilsDanceFloor,1,3,7/16/22,42 59 62.3,70 36 76.5,44.5,NA,NA,Sarah,43.00063889,-70.62125,44758.5871296296,11.65,13.25,2022-07-16T14:05:27Z,0,down
4,DevilsDanceFloor,1,3,7/16/22,42 59 62.3,70 36 76.5,44.5,NA,NA,Sarah,43.00063889,-70.62125,44758.5871527778,11.49,13.49,2022-07-16T14:05:30Z,0,up
4,DevilsDanceFloor,1,3,7/16/22,42 59 62.3,70 36 76.5,44.5,NA,NA,Sarah,43.00063889,-70.62125,44758.5871759259,11.36,13.47,2022-07-16T14:05:31Z,0,up
4,DevilsDanceFloor,1,3,7/16/22,42 59 62.3,70 36 76.5,44.5,NA,NA,Sarah,43.00063889,-70.62125,44758.5871990741,11.27,13.17,2022-07-16T14:05:34Z,0,up
4,DevilsDanceFloor,1,3,7/16/22,42 59 62.3,70 36 76.5,44.5,NA,NA,Sarah,43.00063889,-70.62125,44758.5872222222,11.14,12.73,2022-07-16T14:05:35Z,0,up
4,DevilsDanceFloor,1,3,7/16/22,42 59 62.3,70 36 76.5,44.5,NA,NA,Sarah,43.00063889,-70.62125,44758.5872453704,11.01,12.32,2022-07-16T14:05:38Z,0,up
4,DevilsDanceFloor,1,3,7/16/22,42 59 62.3,70 36 76.5,44.5,NA,NA,Sarah,43.00063889,-70.62125,44758.5872685185,10.88,11.68,2022-07-16T14:05:39Z,0,up
4,DevilsDanceFloor,1,3,7/16/22,42 59 62.3,70 36 76.5,44.5,NA,NA,Sarah,43.00063889,-70.62125,44758.5872916667,10.78,10.5,2022-07-16T14:05:42Z,0,up
4,DevilsDanceFloor,1,3,7/16/22,42 59 62.3,70 36 76.5,44.5,NA,NA,Sarah,43.00063889,-70.62125,44758.5873148148,10.72,9.28,2022-07-16T14:05:43Z,0,up
4,DevilsDanceFloor,1,3,7/16/22,42 59 62.3,70 36 76.5,44.5,NA,NA,Sarah,43.00063889,-70.62125,44758.587337963,10.98,8.08,2022-07-16T14:05:46Z,0,up
4,DevilsDanceFloor,1,3,7/16/22,42 59 62.3,70 36 76.5,44.5,NA,NA,Sarah,43.00063889,-70.62125,44758.5873611111,11.59,7.02,2022-07-16T14:05:47Z,0,up
4,DevilsDanceFloor,1,3,7/16/22,42 59 62.3,70 36 76.5,44.5,NA,NA,Sarah,43.00063889,-70.62125,44758.5873842593,11.97,6.39,2022-07-16T14:05:50Z,0,up
4,DevilsDanceFloor,1,3,7/16/22,42 59 62.3,70 36 76.5,44.5,NA,NA,Sarah,43.00063889,-70.62125,44758.5874074074,12.23,6.13,2022-07-16T14:05:51Z,0,up
4,DevilsDanceFloor,1,3,7/16/22,42 59 62.3,70 36 76.5,44.5,NA,NA,Sarah,43.00063889,-70.62125,44758.5874305556,12.32,5.59,2022-07-16T14:05:54Z,0,up
4,DevilsDanceFloor,1,3,7/16/22,42 59 62.3,70 36 76.5,44.5,NA,NA,Sarah,43.00063889,-70.62125,44758.5874537037,12.39,5.2,2022-07-16T14:05:55Z,0,up
4,DevilsDanceFloor,1,3,7/16/22,42 59 62.3,70 36 76.5,44.5,NA,NA,Sarah,43.00063889,-70.62125,44758.5874768519,12.42,4.91,2022-07-16T14:05:58Z,0,up
4,DevilsDanceFloor,1,3,7/16/22,42 59 62.3,70 36 76.5,44.5,NA,NA,Sarah,43.00063889,-70.62125,44758.5875,12.45,4.49,2022-07-16T14:06:00Z,0,up
4,DevilsDanceFloor,1,3,7/16/22,42 59 62.3,70 36 76.5,44.5,NA,NA,Sarah,43.00063889,-70.62125,44758.5875231481,12.48,3.93,2022-07-16T14:06:01Z,0,up
4,DevilsDanceFloor,1,3,7/16/22,42 59 62.3,70 36 76.5,44.5,NA,NA,Sarah,43.00063889,-70.62125,44758.5875462963,12.58,3.42,2022-07-16T14:06:04Z,0,up
4,DevilsDanceFloor,1,3,7/16/22,42 59 62.3,70 36 76.5,44.5,NA,NA,Sarah,43.00063889,-70.62125,44758.5875694444,12.7,2.97,2022-07-16T14:06:05Z,0,up
4,DevilsDanceFloor,1,3,7/16/22,42 59 62.3,70 36 76.5,44.5,NA,NA,Sarah,43.00063889,-70.62125,44758.5875925926,12.83,2.33,2022-07-16T14:06:08Z,0,up
4,DevilsDanceFloor,1,3,7/16/22,42 59 62.3,70 36 76.5,44.5,NA,NA,Sarah,43.00063889,-70.62125,44758.5876157407,13.08,1.74,2022-07-16T14:06:09Z,0,up
4,DevilsDanceFloor,1,3,7/16/22,42 59 62.3,70 36 76.5,44.5,NA,NA,Sarah,43.00063889,-70.62125,44758.5876388889,13.3,1.14,2022-07-16T14:06:12Z,0,up
5,Transect14,2,4,7/16/22,42 59 57.9,70 36 67.4,64,NA,NA,Petra,42.99941667,-70.61872222,44758.587662037,13.4,0.36,2022-07-16T14:06:13Z,1,down
5,Transect14,2,4,7/16/22,42 59 57.9,70 36 67.4,64,NA,NA,Petra,42.99941667,-70.61872222,44758.5917361111,16.02,0.43,2022-07-16T14:12:05Z,0,down
5,Transect14,2,4,7/16/22,42 59 57.9,70 36 67.4,64,NA,NA,Petra,42.99941667,-70.61872222,44758.5917592593,15.38,1.77,2022-07-16T14:12:08Z,0,down
5,Transect14,2,4,7/16/22,42 59 57.9,70 36 67.4,64,NA,NA,Petra,42.99941667,-70.61872222,44758.5917824074,14.98,3.1,2022-07-16T14:12:09Z,0,down
5,Transect14,2,4,7/16/22,42 59 57.9,70 36 67.4,64,NA,NA,Petra,42.99941667,-70.61872222,44758.5918055556,14.74,4.12,2022-07-16T14:12:12Z,0,down
5,Transect14,2,4,7/16/22,42 59 57.9,70 36 67.4,64,NA,NA,Petra,42.99941667,-70.61872222,44758.5918287037,14.58,5.18,2022-07-16T14:12:13Z,0,down
5,Transect14,2,4,7/16/22,42 59 57.9,70 36 67.4,64,NA,NA,Petra,42.99941667,-70.61872222,44758.5918518519,14.43,5.98,2022-07-16T14:12:16Z,0,down
5,Transect14,2,4,7/16/22,42 59 57.9,70 36 67.4,64,NA,NA,Petra,42.99941667,-70.61872222,44758.591875,14.21,6.67,2022-07-16T14:12:17Z,0,down
5,Transect14,2,4,7/16/22,42 59 57.9,70 36 67.4,64,NA,NA,Petra,42.99941667,-70.61872222,44758.5918981481,13.99,7.53,2022-07-16T14:12:19Z,0,down
5,Transect14,2,4,7/16/22,42 59 57.9,70 36 67.4,64,NA,NA,Petra,42.99941667,-70.61872222,44758.5919212963,13.8,8.78,2022-07-16T14:12:22Z,0,down
5,Transect14,2,4,7/16/22,42 59 57.9,70 36 67.4,64,NA,NA,Petra,42.99941667,-70.61872222,44758.5919444444,13.46,9.77,2022-07-16T14:12:23Z,0,down
5,Transect14,2,4,7/16/22,42 59 57.9,70 36 67.4,64,NA,NA,Petra,42.99941667,-70.61872222,44758.5919675926,13.08,10.43,2022-07-16T14:12:26Z,0,down
5,Transect14,2,4,7/16/22,42 59 57.9,70 36 67.4,64,NA,NA,Petra,42.99941667,-70.61872222,44758.5919907407,12.48,11.55,2022-07-16T14:12:27Z,0,down
5,Transect14,2,4,7/16/22,42 59 57.9,70 36 67.4,64,NA,NA,Petra,42.99941667,-70.61872222,44758.5920138889,11.88,12.25,2022-07-16T14:12:30Z,0,down
5,Transect14,2,4,7/16/22,42 59 57.9,70 36 67.4,64,NA,NA,Petra,42.99941667,-70.61872222,44758.592037037,11.52,13.07,2022-07-16T14:12:31Z,0,down
5,Transect14,2,4,7/16/22,42 59 57.9,70 36 67.4,64,NA,NA,Petra,42.99941667,-70.61872222,44758.5920601852,11.33,13.98,2022-07-16T14:12:34Z,0,down
5,Transect14,2,4,7/16/22,42 59 57.9,70 36 67.4,64,NA,NA,Petra,42.99941667,-70.61872222,44758.5920833333,11.14,15.32,2022-07-16T14:12:35Z,0,down
5,Transect14,2,4,7/16/22,42 59 57.9,70 36 67.4,64,NA,NA,Petra,42.99941667,-70.61872222,44758.5921064815,10.91,16.32,2022-07-16T14:12:38Z,0,down
5,Transect14,2,4,7/16/22,42 59 57.9,70 36 67.4,64,NA,NA,Petra,42.99941667,-70.61872222,44758.5921296296,10.78,16.88,2022-07-16T14:12:39Z,0,down
5,Transect14,2,4,7/16/22,42 59 57.9,70 36 67.4,64,NA,NA,Petra,42.99941667,-70.61872222,44758.5921527778,10.62,17.41,2022-07-16T14:12:42Z,0,down
5,Transect14,2,4,7/16/22,42 59 57.9,70 36 67.4,64,NA,NA,Petra,42.99941667,-70.61872222,44758.5921759259,10.49,17.49,2022-07-16T14:12:43Z,0,up
5,Transect14,2,4,7/16/22,42 59 57.9,70 36 67.4,64,NA,NA,Petra,42.99941667,-70.61872222,44758.5921990741,10.39,17.44,2022-07-16T14:12:46Z,0,up
5,Transect14,2,4,7/16/22,42 59 57.9,70 36 67.4,64,NA,NA,Petra,42.99941667,-70.61872222,44758.5922222222,10.32,17.4,2022-07-16T14:12:47Z,0,up
5,Transect14,2,4,7/16/22,42 59 57.9,70 36 67.4,64,NA,NA,Petra,42.99941667,-70.61872222,44758.5922453704,10.23,17.29,2022-07-16T14:12:50Z,0,up
5,Transect14,2,4,7/16/22,42 59 57.9,70 36 67.4,64,NA,NA,Petra,42.99941667,-70.61872222,44758.5922685185,10.13,17.4,2022-07-16T14:12:51Z,0,up
5,Transect14,2,4,7/16/22,42 59 57.9,70 36 67.4,64,NA,NA,Petra,42.99941667,-70.61872222,44758.5922916667,10,17.42,2022-07-16T14:12:54Z,0,up
5,Transect14,2,4,7/16/22,42 59 57.9,70 36 67.4,64,NA,NA,Petra,42.99941667,-70.61872222,44758.5923148148,9.93,17.34,2022-07-16T14:12:55Z,0,up
5,Transect14,2,4,7/16/22,42 59 57.9,70 36 67.4,64,NA,NA,Petra,42.99941667,-70.61872222,44758.592337963,9.83,17.36,2022-07-16T14:12:58Z,0,up
5,Transect14,2,4,7/16/22,42 59 57.9,70 36 67.4,64,NA,NA,Petra,42.99941667,-70.61872222,44758.5923611111,9.8,16.87,2022-07-16T14:12:59Z,0,up
5,Transect14,2,4,7/16/22,42 59 57.9,70 36 67.4,64,NA,NA,Petra,42.99941667,-70.61872222,44758.5923842593,9.73,15.6,2022-07-16T14:13:02Z,0,up
5,Transect14,2,4,7/16/22,42 59 57.9,70 36 67.4,64,NA,NA,Petra,42.99941667,-70.61872222,44758.5924074074,9.7,14.43,2022-07-16T14:13:03Z,0,up
5,Transect14,2,4,7/16/22,42 59 57.9,70 36 67.4,64,NA,NA,Petra,42.99941667,-70.61872222,44758.592430555596,9.67,13.29,2022-07-16T14:13:06Z,0,up
5,Transect14,2,4,7/16/22,42 59 57.9,70 36 67.4,64,NA,NA,Petra,42.99941667,-70.61872222,44758.5924537037,9.67,12.06,2022-07-16T14:13:07Z,0,up
5,Transect14,2,4,7/16/22,42 59 57.9,70 36 67.4,64,NA,NA,Petra,42.99941667,-70.61872222,44758.5924768519,9.63,10.69,2022-07-16T14:13:10Z,0,up
5,Transect14,2,4,7/16/22,42 59 57.9,70 36 67.4,64,NA,NA,Petra,42.99941667,-70.61872222,44758.5925,9.73,9.66,2022-07-16T14:13:12Z,0,up
5,Transect14,2,4,7/16/22,42 59 57.9,70 36 67.4,64,NA,NA,Petra,42.99941667,-70.61872222,44758.5925231481,10.19,8.33,2022-07-16T14:13:13Z,0,up
5,Transect14,2,4,7/16/22,42 59 57.9,70 36 67.4,64,NA,NA,Petra,42.99941667,-70.61872222,44758.5925462963,10.78,7.04,2022-07-16T14:13:16Z,0,up
5,Transect14,2,4,7/16/22,42 59 57.9,70 36 67.4,64,NA,NA,Petra,42.99941667,-70.61872222,44758.5925694444,11.14,5.81,2022-07-16T14:13:17Z,0,up
5,Transect14,2,4,7/16/22,42 59 57.9,70 36 67.4,64,NA,NA,Petra,42.99941667,-70.61872222,44758.5925925926,11.4,4.4,2022-07-16T14:13:20Z,0,up
5,Transect14,2,4,7/16/22,42 59 57.9,70 36 67.4,64,NA,NA,Petra,42.99941667,-70.61872222,44758.5926157407,11.62,3.05,2022-07-16T14:13:21Z,0,up
5,Transect14,2,4,7/16/22,42 59 57.9,70 36 67.4,64,NA,NA,Petra,42.99941667,-70.61872222,44758.5926388889,11.81,1.92,2022-07-16T14:13:24Z,0,up
6,NorwegianCove,4,4,7/16/22,42 59 43.2,70 36 59.9,69.7,NA,NA,Aly,42.99533333,-70.61663889,44758.592662037,11.97,0.59,2022-07-16T14:13:25Z,1,down
6,NorwegianCove,4,4,7/16/22,42 59 43.2,70 36 59.9,69.7,NA,NA,Aly,42.99533333,-70.61663889,44758.596412037,14.55,1.08,2022-07-16T14:18:49Z,0,down
6,NorwegianCove,4,4,7/16/22,42 59 43.2,70 36 59.9,69.7,NA,NA,Aly,42.99533333,-70.61663889,44758.5964351852,14.24,2.23,2022-07-16T14:18:52Z,0,down
6,NorwegianCove,4,4,7/16/22,42 59 43.2,70 36 59.9,69.7,NA,NA,Aly,42.99533333,-70.61663889,44758.5964583333,13.9,3.08,2022-07-16T14:18:53Z,0,down
6,NorwegianCove,4,4,7/16/22,42 59 43.2,70 36 59.9,69.7,NA,NA,Aly,42.99533333,-70.61663889,44758.5964814815,13.68,4.23,2022-07-16T14:18:56Z,0,down
6,NorwegianCove,4,4,7/16/22,42 59 43.2,70 36 59.9,69.7,NA,NA,Aly,42.99533333,-70.61663889,44758.5965046296,13.52,5.26,2022-07-16T14:18:57Z,0,down
6,NorwegianCove,4,4,7/16/22,42 59 43.2,70 36 59.9,69.7,NA,NA,Aly,42.99533333,-70.61663889,44758.5965277778,13.33,6.39,2022-07-16T14:19:00Z,0,down
6,NorwegianCove,4,4,7/16/22,42 59 43.2,70 36 59.9,69.7,NA,NA,Aly,42.99533333,-70.61663889,44758.5965509259,13.18,7.25,2022-07-16T14:19:01Z,0,down
6,NorwegianCove,4,4,7/16/22,42 59 43.2,70 36 59.9,69.7,NA,NA,Aly,42.99533333,-70.61663889,44758.5965740741,12.99,8.3,2022-07-16T14:19:04Z,0,down
6,NorwegianCove,4,4,7/16/22,42 59 43.2,70 36 59.9,69.7,NA,NA,Aly,42.99533333,-70.61663889,44758.5965972222,12.89,9.4,2022-07-16T14:19:05Z,0,down
6,NorwegianCove,4,4,7/16/22,42 59 43.2,70 36 59.9,69.7,NA,NA,Aly,42.99533333,-70.61663889,44758.5966203704,12.7,10.35,2022-07-16T14:19:08Z,0,down
6,NorwegianCove,4,4,7/16/22,42 59 43.2,70 36 59.9,69.7,NA,NA,Aly,42.99533333,-70.61663889,44758.5966435185,12.39,11.41,2022-07-16T14:19:09Z,0,down
6,NorwegianCove,4,4,7/16/22,42 59 43.2,70 36 59.9,69.7,NA,NA,Aly,42.99533333,-70.61663889,44758.5966666667,12.01,12.56,2022-07-16T14:19:12Z,0,down
6,NorwegianCove,4,4,7/16/22,42 59 43.2,70 36 59.9,69.7,NA,NA,Aly,42.99533333,-70.61663889,44758.5966898148,11.62,13.02,2022-07-16T14:19:13Z,0,down
6,NorwegianCove,4,4,7/16/22,42 59 43.2,70 36 59.9,69.7,NA,NA,Aly,42.99533333,-70.61663889,44758.596712963,11.33,14.05,2022-07-16T14:19:16Z,0,down
6,NorwegianCove,4,4,7/16/22,42 59 43.2,70 36 59.9,69.7,NA,NA,Aly,42.99533333,-70.61663889,44758.5967361111,11.01,15.2,2022-07-16T14:19:17Z,0,down
6,NorwegianCove,4,4,7/16/22,42 59 43.2,70 36 59.9,69.7,NA,NA,Aly,42.99533333,-70.61663889,44758.5967592593,10.72,16.03,2022-07-16T14:19:20Z,0,down
6,NorwegianCove,4,4,7/16/22,42 59 43.2,70 36 59.9,69.7,NA,NA,Aly,42.99533333,-70.61663889,44758.5967824074,10.49,17.16,2022-07-16T14:19:21Z,0,down
6,NorwegianCove,4,4,7/16/22,42 59 43.2,70 36 59.9,69.7,NA,NA,Aly,42.99533333,-70.61663889,44758.5968055556,10.32,18.2,2022-07-16T14:19:24Z,0,down
6,NorwegianCove,4,4,7/16/22,42 59 43.2,70 36 59.9,69.7,NA,NA,Aly,42.99533333,-70.61663889,44758.5968287037,10.19,19.25,2022-07-16T14:19:26Z,0,down
6,NorwegianCove,4,4,7/16/22,42 59 43.2,70 36 59.9,69.7,NA,NA,Aly,42.99533333,-70.61663889,44758.5968518518,10.06,19.81,2022-07-16T14:19:27Z,0,down
6,NorwegianCove,4,4,7/16/22,42 59 43.2,70 36 59.9,69.7,NA,NA,Aly,42.99533333,-70.61663889,44758.596875,9.93,20.11,2022-07-16T14:19:30Z,0,down
6,NorwegianCove,4,4,7/16/22,42 59 43.2,70 36 59.9,69.7,NA,NA,Aly,42.99533333,-70.61663889,44758.5968981481,9.83,20.04,2022-07-16T14:19:31Z,0,down
6,NorwegianCove,4,4,7/16/22,42 59 43.2,70 36 59.9,69.7,NA,NA,Aly,42.99533333,-70.61663889,44758.5969212963,9.76,19.87,2022-07-16T14:19:34Z,0,down
6,NorwegianCove,4,4,7/16/22,42 59 43.2,70 36 59.9,69.7,NA,NA,Aly,42.99533333,-70.61663889,44758.5969444444,9.67,20.08,2022-07-16T14:19:35Z,0,down
6,NorwegianCove,4,4,7/16/22,42 59 43.2,70 36 59.9,69.7,NA,NA,Aly,42.99533333,-70.61663889,44758.5969675926,9.6,19.94,2022-07-16T14:19:38Z,0,down
6,NorwegianCove,4,4,7/16/22,42 59 43.2,70 36 59.9,69.7,NA,NA,Aly,42.99533333,-70.61663889,44758.5969907407,9.53,19.96,2022-07-16T14:19:39Z,0,down
6,NorwegianCove,4,4,7/16/22,42 59 43.2,70 36 59.9,69.7,NA,NA,Aly,42.99533333,-70.61663889,44758.5970138889,9.43,20.27,2022-07-16T14:19:42Z,0,up
6,NorwegianCove,4,4,7/16/22,42 59 43.2,70 36 59.9,69.7,NA,NA,Aly,42.99533333,-70.61663889,44758.597037037,9.37,19.58,2022-07-16T14:19:43Z,0,up
6,NorwegianCove,4,4,7/16/22,42 59 43.2,70 36 59.9,69.7,NA,NA,Aly,42.99533333,-70.61663889,44758.5970601852,9.3,18.99,2022-07-16T14:19:46Z,0,up
6,NorwegianCove,4,4,7/16/22,42 59 43.2,70 36 59.9,69.7,NA,NA,Aly,42.99533333,-70.61663889,44758.5970833333,9.27,18.05,2022-07-16T14:19:47Z,0,up
6,NorwegianCove,4,4,7/16/22,42 59 43.2,70 36 59.9,69.7,NA,NA,Aly,42.99533333,-70.61663889,44758.5971064815,9.23,17.11,2022-07-16T14:19:50Z,0,up
6,NorwegianCove,4,4,7/16/22,42 59 43.2,70 36 59.9,69.7,NA,NA,Aly,42.99533333,-70.61663889,44758.5971296296,9.2,16.14,2022-07-16T14:19:51Z,0,up
6,NorwegianCove,4,4,7/16/22,42 59 43.2,70 36 59.9,69.7,NA,NA,Aly,42.99533333,-70.61663889,44758.5971527778,9.17,15.04,2022-07-16T14:19:54Z,0,up
6,NorwegianCove,4,4,7/16/22,42 59 43.2,70 36 59.9,69.7,NA,NA,Aly,42.99533333,-70.61663889,44758.5971759259,9.2,13.81,2022-07-16T14:19:55Z,0,up
6,NorwegianCove,4,4,7/16/22,42 59 43.2,70 36 59.9,69.7,NA,NA,Aly,42.99533333,-70.61663889,44758.5971990741,9.33,12.82,2022-07-16T14:19:58Z,0,up
6,NorwegianCove,4,4,7/16/22,42 59 43.2,70 36 59.9,69.7,NA,NA,Aly,42.99533333,-70.61663889,44758.5972222222,9.57,11.59,2022-07-16T14:19:59Z,0,up
6,NorwegianCove,4,4,7/16/22,42 59 43.2,70 36 59.9,69.7,NA,NA,Aly,42.99533333,-70.61663889,44758.5972453704,9.93,10.6,2022-07-16T14:20:02Z,0,up
6,NorwegianCove,4,4,7/16/22,42 59 43.2,70 36 59.9,69.7,NA,NA,Aly,42.99533333,-70.61663889,44758.5972685185,10.23,9.7,2022-07-16T14:20:03Z,0,up
6,NorwegianCove,4,4,7/16/22,42 59 43.2,70 36 59.9,69.7,NA,NA,Aly,42.99533333,-70.61663889,44758.5972916667,10.39,8.26,2022-07-16T14:20:06Z,0,up
6,NorwegianCove,4,4,7/16/22,42 59 43.2,70 36 59.9,69.7,NA,NA,Aly,42.99533333,-70.61663889,44758.5973148148,10.59,7.27,2022-07-16T14:20:07Z,0,up
6,NorwegianCove,4,4,7/16/22,42 59 43.2,70 36 59.9,69.7,NA,NA,Aly,42.99533333,-70.61663889,44758.597337963,10.75,6.51,2022-07-16T14:20:10Z,0,up
6,NorwegianCove,4,4,7/16/22,42 59 43.2,70 36 59.9,69.7,NA,NA,Aly,42.99533333,-70.61663889,44758.5973611111,10.85,5.44,2022-07-16T14:20:11Z,0,up
6,NorwegianCove,4,4,7/16/22,42 59 43.2,70 36 59.9,69.7,NA,NA,Aly,42.99533333,-70.61663889,44758.5973842593,10.91,4.5,2022-07-16T14:20:14Z,0,up
6,NorwegianCove,4,4,7/16/22,42 59 43.2,70 36 59.9,69.7,NA,NA,Aly,42.99533333,-70.61663889,44758.5974074074,11.01,3.49,2022-07-16T14:20:15Z,0,up
6,NorwegianCove,4,4,7/16/22,42 59 43.2,70 36 59.9,69.7,NA,NA,Aly,42.99533333,-70.61663889,44758.5974305556,11.17,2.45,2022-07-16T14:20:18Z,0,up
6,NorwegianCove,4,4,7/16/22,42 59 43.2,70 36 59.9,69.7,NA,NA,Aly,42.99533333,-70.61663889,44758.5974537037,11.36,1.45,2022-07-16T14:20:19Z,0,up
6,NorwegianCove,4,4,7/16/22,42 59 43.2,70 36 59.9,69.7,NA,NA,Aly,42.99533333,-70.61663889,44758.5974768518,11.52,0.49,2022-07-16T14:20:21Z,0,up
7,Transect20,5,5,7/16/22,42 59 38.9,70 36 44.4,72,NA,NA,Sarah,42.99413889,-70.61233333,44758.6012731481,14.95,0.29,2022-07-16T14:25:49Z,1,down
7,Transect20,5,5,7/16/22,42 59 38.9,70 36 44.4,72,NA,NA,Sarah,42.99413889,-70.61233333,44758.6012962963,14.52,1.97,2022-07-16T14:25:52Z,0,down
7,Transect20,5,5,7/16/22,42 59 38.9,70 36 44.4,72,NA,NA,Sarah,42.99413889,-70.61233333,44758.6013194444,13.96,3.61,2022-07-16T14:25:53Z,0,down
7,Transect20,5,5,7/16/22,42 59 38.9,70 36 44.4,72,NA,NA,Sarah,42.99413889,-70.61233333,44758.6013425926,13.59,4.65,2022-07-16T14:25:56Z,0,down
7,Transect20,5,5,7/16/22,42 59 38.9,70 36 44.4,72,NA,NA,Sarah,42.99413889,-70.61233333,44758.6013657407,13.37,5.28,2022-07-16T14:25:57Z,0,down
7,Transect20,5,5,7/16/22,42 59 38.9,70 36 44.4,72,NA,NA,Sarah,42.99413889,-70.61233333,44758.6013888889,13.11,6.85,2022-07-16T14:26:00Z,0,down
7,Transect20,5,5,7/16/22,42 59 38.9,70 36 44.4,72,NA,NA,Sarah,42.99413889,-70.61233333,44758.601412037,12.8,7.75,2022-07-16T14:26:01Z,0,down
7,Transect20,5,5,7/16/22,42 59 38.9,70 36 44.4,72,NA,NA,Sarah,42.99413889,-70.61233333,44758.6014351852,12.51,9.08,2022-07-16T14:26:04Z,0,down
7,Transect20,5,5,7/16/22,42 59 38.9,70 36 44.4,72,NA,NA,Sarah,42.99413889,-70.61233333,44758.6014583333,12.32,10.07,2022-07-16T14:26:05Z,0,down
7,Transect20,5,5,7/16/22,42 59 38.9,70 36 44.4,72,NA,NA,Sarah,42.99413889,-70.61233333,44758.6014814815,12.2,11.12,2022-07-16T14:26:08Z,0,down
7,Transect20,5,5,7/16/22,42 59 38.9,70 36 44.4,72,NA,NA,Sarah,42.99413889,-70.61233333,44758.6015046296,12.1,12.21,2022-07-16T14:26:09Z,0,down
7,Transect20,5,5,7/16/22,42 59 38.9,70 36 44.4,72,NA,NA,Sarah,42.99413889,-70.61233333,44758.6015277778,12.01,12.95,2022-07-16T14:26:12Z,0,down
7,Transect20,5,5,7/16/22,42 59 38.9,70 36 44.4,72,NA,NA,Sarah,42.99413889,-70.61233333,44758.6015509259,11.81,14.15,2022-07-16T14:26:13Z,0,down
7,Transect20,5,5,7/16/22,42 59 38.9,70 36 44.4,72,NA,NA,Sarah,42.99413889,-70.61233333,44758.6015740741,11.49,15.53,2022-07-16T14:26:16Z,0,down
7,Transect20,5,5,7/16/22,42 59 38.9,70 36 44.4,72,NA,NA,Sarah,42.99413889,-70.61233333,44758.6015972222,11.27,16.3,2022-07-16T14:26:17Z,0,down
7,Transect20,5,5,7/16/22,42 59 38.9,70 36 44.4,72,NA,NA,Sarah,42.99413889,-70.61233333,44758.6016203704,11.04,16.76,2022-07-16T14:26:20Z,0,down
7,Transect20,5,5,7/16/22,42 59 38.9,70 36 44.4,72,NA,NA,Sarah,42.99413889,-70.61233333,44758.6016435185,10.88,17.41,2022-07-16T14:26:21Z,0,down
7,Transect20,5,5,7/16/22,42 59 38.9,70 36 44.4,72,NA,NA,Sarah,42.99413889,-70.61233333,44758.6016666667,10.78,18.37,2022-07-16T14:26:24Z,0,down
7,Transect20,5,5,7/16/22,42 59 38.9,70 36 44.4,72,NA,NA,Sarah,42.99413889,-70.61233333,44758.6016898148,10.65,19.19,2022-07-16T14:26:25Z,0,down
7,Transect20,5,5,7/16/22,42 59 38.9,70 36 44.4,72,NA,NA,Sarah,42.99413889,-70.61233333,44758.601712963,10.52,19.97,2022-07-16T14:26:28Z,0,down
7,Transect20,5,5,7/16/22,42 59 38.9,70 36 44.4,72,NA,NA,Sarah,42.99413889,-70.61233333,44758.6017361111,10.36,20.3,2022-07-16T14:26:29Z,0,down
7,Transect20,5,5,7/16/22,42 59 38.9,70 36 44.4,72,NA,NA,Sarah,42.99413889,-70.61233333,44758.6017592593,10.16,20.79,2022-07-16T14:26:32Z,0,up
7,Transect20,5,5,7/16/22,42 59 38.9,70 36 44.4,72,NA,NA,Sarah,42.99413889,-70.61233333,44758.6017824074,10,20.7,2022-07-16T14:26:33Z,0,up
7,Transect20,5,5,7/16/22,42 59 38.9,70 36 44.4,72,NA,NA,Sarah,42.99413889,-70.61233333,44758.6018055556,9.9,20.66,2022-07-16T14:26:36Z,0,up
7,Transect20,5,5,7/16/22,42 59 38.9,70 36 44.4,72,NA,NA,Sarah,42.99413889,-70.61233333,44758.6018287037,9.83,20.39,2022-07-16T14:26:37Z,0,up
7,Transect20,5,5,7/16/22,42 59 38.9,70 36 44.4,72,NA,NA,Sarah,42.99413889,-70.61233333,44758.6018518519,9.73,20.41,2022-07-16T14:26:40Z,0,up
7,Transect20,5,5,7/16/22,42 59 38.9,70 36 44.4,72,NA,NA,Sarah,42.99413889,-70.61233333,44758.601875,9.67,20.27,2022-07-16T14:26:42Z,0,up
7,Transect20,5,5,7/16/22,42 59 38.9,70 36 44.4,72,NA,NA,Sarah,42.99413889,-70.61233333,44758.6018981481,9.6,20.42,2022-07-16T14:26:43Z,0,up
7,Transect20,5,5,7/16/22,42 59 38.9,70 36 44.4,72,NA,NA,Sarah,42.99413889,-70.61233333,44758.6019212963,9.53,20.28,2022-07-16T14:26:46Z,0,up
7,Transect20,5,5,7/16/22,42 59 38.9,70 36 44.4,72,NA,NA,Sarah,42.99413889,-70.61233333,44758.6019444444,9.47,20.43,2022-07-16T14:26:47Z,0,up
7,Transect20,5,5,7/16/22,42 59 38.9,70 36 44.4,72,NA,NA,Sarah,42.99413889,-70.61233333,44758.6019675926,9.4,20.39,2022-07-16T14:26:50Z,0,up
7,Transect20,5,5,7/16/22,42 59 38.9,70 36 44.4,72,NA,NA,Sarah,42.99413889,-70.61233333,44758.6019907407,9.33,19.84,2022-07-16T14:26:51Z,0,up
7,Transect20,5,5,7/16/22,42 59 38.9,70 36 44.4,72,NA,NA,Sarah,42.99413889,-70.61233333,44758.6020138889,9.33,19.29,2022-07-16T14:26:54Z,0,up
7,Transect20,5,5,7/16/22,42 59 38.9,70 36 44.4,72,NA,NA,Sarah,42.99413889,-70.61233333,44758.602037037,9.4,18.65,2022-07-16T14:26:55Z,0,up
7,Transect20,5,5,7/16/22,42 59 38.9,70 36 44.4,72,NA,NA,Sarah,42.99413889,-70.61233333,44758.6020601852,9.43,18.08,2022-07-16T14:26:58Z,0,up
7,Transect20,5,5,7/16/22,42 59 38.9,70 36 44.4,72,NA,NA,Sarah,42.99413889,-70.61233333,44758.6020833333,9.47,17.37,2022-07-16T14:26:59Z,0,up
7,Transect20,5,5,7/16/22,42 59 38.9,70 36 44.4,72,NA,NA,Sarah,42.99413889,-70.61233333,44758.6021064815,9.5,16.6,2022-07-16T14:27:02Z,0,up
7,Transect20,5,5,7/16/22,42 59 38.9,70 36 44.4,72,NA,NA,Sarah,42.99413889,-70.61233333,44758.6021296296,9.53,15.83,2022-07-16T14:27:03Z,0,up
7,Transect20,5,5,7/16/22,42 59 38.9,70 36 44.4,72,NA,NA,Sarah,42.99413889,-70.61233333,44758.6021527778,9.57,15.09,2022-07-16T14:27:06Z,0,up
7,Transect20,5,5,7/16/22,42 59 38.9,70 36 44.4,72,NA,NA,Sarah,42.99413889,-70.61233333,44758.6021759259,9.67,14.46,2022-07-16T14:27:07Z,0,up
7,Transect20,5,5,7/16/22,42 59 38.9,70 36 44.4,72,NA,NA,Sarah,42.99413889,-70.61233333,44758.6021990741,9.73,13.63,2022-07-16T14:27:10Z,0,up
7,Transect20,5,5,7/16/22,42 59 38.9,70 36 44.4,72,NA,NA,Sarah,42.99413889,-70.61233333,44758.6022222222,9.8,12.99,2022-07-16T14:27:11Z,0,up
7,Transect20,5,5,7/16/22,42 59 38.9,70 36 44.4,72,NA,NA,Sarah,42.99413889,-70.61233333,44758.6022453704,9.9,12.32,2022-07-16T14:27:14Z,0,up
7,Transect20,5,5,7/16/22,42 59 38.9,70 36 44.4,72,NA,NA,Sarah,42.99413889,-70.61233333,44758.6022685185,10,11.49,2022-07-16T14:27:15Z,0,up
7,Transect20,5,5,7/16/22,42 59 38.9,70 36 44.4,72,NA,NA,Sarah,42.99413889,-70.61233333,44758.6022916667,10.09,10.89,2022-07-16T14:27:18Z,0,up
7,Transect20,5,5,7/16/22,42 59 38.9,70 36 44.4,72,NA,NA,Sarah,42.99413889,-70.61233333,44758.6023148148,10.19,10.12,2022-07-16T14:27:19Z,0,up
7,Transect20,5,5,7/16/22,42 59 38.9,70 36 44.4,72,NA,NA,Sarah,42.99413889,-70.61233333,44758.602337963,10.26,9.32,2022-07-16T14:27:22Z,0,up
7,Transect20,5,5,7/16/22,42 59 38.9,70 36 44.4,72,NA,NA,Sarah,42.99413889,-70.61233333,44758.6023611111,10.29,8.41,2022-07-16T14:27:23Z,0,up
7,Transect20,5,5,7/16/22,42 59 38.9,70 36 44.4,72,NA,NA,Sarah,42.99413889,-70.61233333,44758.6023842593,10.32,7.66,2022-07-16T14:27:26Z,0,up
7,Transect20,5,5,7/16/22,42 59 38.9,70 36 44.4,72,NA,NA,Sarah,42.99413889,-70.61233333,44758.6024074074,10.36,6.94,2022-07-16T14:27:27Z,0,up
7,Transect20,5,5,7/16/22,42 59 38.9,70 36 44.4,72,NA,NA,Sarah,42.99413889,-70.61233333,44758.6024305556,10.36,6.26,2022-07-16T14:27:30Z,0,up
7,Transect20,5,5,7/16/22,42 59 38.9,70 36 44.4,72,NA,NA,Sarah,42.99413889,-70.61233333,44758.6024537037,10.39,5.64,2022-07-16T14:27:31Z,0,up
7,Transect20,5,5,7/16/22,42 59 38.9,70 36 44.4,72,NA,NA,Sarah,42.99413889,-70.61233333,44758.6024768519,10.42,4.82,2022-07-16T14:27:34Z,0,up
7,Transect20,5,5,7/16/22,42 59 38.9,70 36 44.4,72,NA,NA,Sarah,42.99413889,-70.61233333,44758.6025,10.45,4.23,2022-07-16T14:27:36Z,0,up
7,Transect20,5,5,7/16/22,42 59 38.9,70 36 44.4,72,NA,NA,Sarah,42.99413889,-70.61233333,44758.6025231481,10.52,3.45,2022-07-16T14:27:37Z,0,up
7,Transect20,5,5,7/16/22,42 59 38.9,70 36 44.4,72,NA,NA,Sarah,42.99413889,-70.61233333,44758.6025462963,10.78,2.4,2022-07-16T14:27:40Z,0,up
7,Transect20,5,5,7/16/22,42 59 38.9,70 36 44.4,72,NA,NA,Sarah,42.99413889,-70.61233333,44758.6025694444,10.91,1.59,2022-07-16T14:27:41Z,0,up
7,Transect20,5,5,7/16/22,42 59 38.9,70 36 44.4,72,NA,NA,Sarah,42.99413889,-70.61233333,44758.6025925926,11.07,0.69,2022-07-16T14:27:44Z,0,up
8,DevilsGlen,6,5,7/16/22,42 59 28.5,70 36 52.8,48.8,NA,NA,Petra,42.99125,-70.61466667,44758.6051851852,14.61,0.53,2022-07-16T14:31:28Z,1,down
8,DevilsGlen,6,5,7/16/22,42 59 28.5,70 36 52.8,48.8,NA,NA,Petra,42.99125,-70.61466667,44758.6052083333,14.05,1.88,2022-07-16T14:31:29Z,0,down
8,DevilsGlen,6,5,7/16/22,42 59 28.5,70 36 52.8,48.8,NA,NA,Petra,42.99125,-70.61466667,44758.6052314815,13.84,2.87,2022-07-16T14:31:32Z,0,down
8,DevilsGlen,6,5,7/16/22,42 59 28.5,70 36 52.8,48.8,NA,NA,Petra,42.99125,-70.61466667,44758.6052546296,13.62,4.19,2022-07-16T14:31:33Z,0,down
8,DevilsGlen,6,5,7/16/22,42 59 28.5,70 36 52.8,48.8,NA,NA,Petra,42.99125,-70.61466667,44758.6052777778,13.3,5.46,2022-07-16T14:31:36Z,0,down
8,DevilsGlen,6,5,7/16/22,42 59 28.5,70 36 52.8,48.8,NA,NA,Petra,42.99125,-70.61466667,44758.6053009259,13.11,6.39,2022-07-16T14:31:37Z,0,down
8,DevilsGlen,6,5,7/16/22,42 59 28.5,70 36 52.8,48.8,NA,NA,Petra,42.99125,-70.61466667,44758.6053240741,12.93,7.31,2022-07-16T14:31:40Z,0,down
8,DevilsGlen,6,5,7/16/22,42 59 28.5,70 36 52.8,48.8,NA,NA,Petra,42.99125,-70.61466667,44758.6053472222,12.8,8.47,2022-07-16T14:31:41Z,0,down
8,DevilsGlen,6,5,7/16/22,42 59 28.5,70 36 52.8,48.8,NA,NA,Petra,42.99125,-70.61466667,44758.6053703704,12.67,9.79,2022-07-16T14:31:44Z,0,down
8,DevilsGlen,6,5,7/16/22,42 59 28.5,70 36 52.8,48.8,NA,NA,Petra,42.99125,-70.61466667,44758.6053935185,12.55,10.72,2022-07-16T14:31:45Z,0,down
8,DevilsGlen,6,5,7/16/22,42 59 28.5,70 36 52.8,48.8,NA,NA,Petra,42.99125,-70.61466667,44758.6054166667,12.42,11.74,2022-07-16T14:31:48Z,0,down
8,DevilsGlen,6,5,7/16/22,42 59 28.5,70 36 52.8,48.8,NA,NA,Petra,42.99125,-70.61466667,44758.6054398148,12.2,12.91,2022-07-16T14:31:49Z,0,down
8,DevilsGlen,6,5,7/16/22,42 59 28.5,70 36 52.8,48.8,NA,NA,Petra,42.99125,-70.61466667,44758.605462963,11.88,13.45,2022-07-16T14:31:52Z,0,down
8,DevilsGlen,6,5,7/16/22,42 59 28.5,70 36 52.8,48.8,NA,NA,Petra,42.99125,-70.61466667,44758.6054861111,11.59,13.7,2022-07-16T14:31:53Z,0,down
8,DevilsGlen,6,5,7/16/22,42 59 28.5,70 36 52.8,48.8,NA,NA,Petra,42.99125,-70.61466667,44758.6055092593,11.46,13.74,2022-07-16T14:31:56Z,0,down
8,DevilsGlen,6,5,7/16/22,42 59 28.5,70 36 52.8,48.8,NA,NA,Petra,42.99125,-70.61466667,44758.6055324074,11.36,13.76,2022-07-16T14:31:57Z,0,up
8,DevilsGlen,6,5,7/16/22,42 59 28.5,70 36 52.8,48.8,NA,NA,Petra,42.99125,-70.61466667,44758.6055555556,11.27,13.68,2022-07-16T14:32:00Z,0,up
8,DevilsGlen,6,5,7/16/22,42 59 28.5,70 36 52.8,48.8,NA,NA,Petra,42.99125,-70.61466667,44758.6055787037,11.2,13.61,2022-07-16T14:32:01Z,0,up
8,DevilsGlen,6,5,7/16/22,42 59 28.5,70 36 52.8,48.8,NA,NA,Petra,42.99125,-70.61466667,44758.6056018519,11.14,13.7,2022-07-16T14:32:04Z,0,up
8,DevilsGlen,6,5,7/16/22,42 59 28.5,70 36 52.8,48.8,NA,NA,Petra,42.99125,-70.61466667,44758.605625,11.07,13.66,2022-07-16T14:32:05Z,0,up
8,DevilsGlen,6,5,7/16/22,42 59 28.5,70 36 52.8,48.8,NA,NA,Petra,42.99125,-70.61466667,44758.6056481482,11.01,13.65,2022-07-16T14:32:08Z,0,up
8,DevilsGlen,6,5,7/16/22,42 59 28.5,70 36 52.8,48.8,NA,NA,Petra,42.99125,-70.61466667,44758.605671296304,10.94,13.54,2022-07-16T14:32:10Z,0,up
8,DevilsGlen,6,5,7/16/22,42 59 28.5,70 36 52.8,48.8,NA,NA,Petra,42.99125,-70.61466667,44758.6056944444,10.88,13.53,2022-07-16T14:32:11Z,0,up
8,DevilsGlen,6,5,7/16/22,42 59 28.5,70 36 52.8,48.8,NA,NA,Petra,42.99125,-70.61466667,44758.6057175926,10.85,12.94,2022-07-16T14:32:14Z,0,up
8,DevilsGlen,6,5,7/16/22,42 59 28.5,70 36 52.8,48.8,NA,NA,Petra,42.99125,-70.61466667,44758.6057407407,10.81,12.61,2022-07-16T14:32:15Z,0,up
8,DevilsGlen,6,5,7/16/22,42 59 28.5,70 36 52.8,48.8,NA,NA,Petra,42.99125,-70.61466667,44758.6057638889,10.85,11.84,2022-07-16T14:32:18Z,0,up
8,DevilsGlen,6,5,7/16/22,42 59 28.5,70 36 52.8,48.8,NA,NA,Petra,42.99125,-70.61466667,44758.605787037,11.01,11.34,2022-07-16T14:32:19Z,0,up
8,DevilsGlen,6,5,7/16/22,42 59 28.5,70 36 52.8,48.8,NA,NA,Petra,42.99125,-70.61466667,44758.6058101852,11.14,10.71,2022-07-16T14:32:22Z,0,up
8,DevilsGlen,6,5,7/16/22,42 59 28.5,70 36 52.8,48.8,NA,NA,Petra,42.99125,-70.61466667,44758.6058333333,11.23,10.07,2022-07-16T14:32:23Z,0,up
8,DevilsGlen,6,5,7/16/22,42 59 28.5,70 36 52.8,48.8,NA,NA,Petra,42.99125,-70.61466667,44758.6058564815,11.3,8.81,2022-07-16T14:32:26Z,0,up
8,DevilsGlen,6,5,7/16/22,42 59 28.5,70 36 52.8,48.8,NA,NA,Petra,42.99125,-70.61466667,44758.6058796296,11.33,7.67,2022-07-16T14:32:27Z,0,up
8,DevilsGlen,6,5,7/16/22,42 59 28.5,70 36 52.8,48.8,NA,NA,Petra,42.99125,-70.61466667,44758.6059027778,11.4,6.37,2022-07-16T14:32:30Z,0,up
8,DevilsGlen,6,5,7/16/22,42 59 28.5,70 36 52.8,48.8,NA,NA,Petra,42.99125,-70.61466667,44758.6059259259,11.43,5.46,2022-07-16T14:32:31Z,0,up
8,DevilsGlen,6,5,7/16/22,42 59 28.5,70 36 52.8,48.8,NA,NA,Petra,42.99125,-70.61466667,44758.6059490741,11.52,4.45,2022-07-16T14:32:34Z,0,up
8,DevilsGlen,6,5,7/16/22,42 59 28.5,70 36 52.8,48.8,NA,NA,Petra,42.99125,-70.61466667,44758.6059722222,11.62,3.51,2022-07-16T14:32:35Z,0,up
8,DevilsGlen,6,5,7/16/22,42 59 28.5,70 36 52.8,48.8,NA,NA,Petra,42.99125,-70.61466667,44758.6059953704,11.81,2.71,2022-07-16T14:32:38Z,0,up
8,DevilsGlen,6,5,7/16/22,42 59 28.5,70 36 52.8,48.8,NA,NA,Petra,42.99125,-70.61466667,44758.6060185185,11.91,1.73,2022-07-16T14:32:39Z,0,up
8,DevilsGlen,6,5,7/16/22,42 59 28.5,70 36 52.8,48.8,NA,NA,Petra,42.99125,-70.61466667,44758.6060416667,12.01,0.79,2022-07-16T14:32:42Z,0,up
9,HalftideLedges,8,5,7/16/22,42 59 09.8,70 36 51.4,64,NA,NA,Aly,42.98605556,-70.61427778,44758.6092592593,15.66,0.53,2022-07-16T14:37:20Z,1,down
9,HalftideLedges,8,5,7/16/22,42 59 09.8,70 36 51.4,64,NA,NA,Aly,42.98605556,-70.61427778,44758.6092824074,15.41,1.4,2022-07-16T14:37:21Z,0,down
9,HalftideLedges,8,5,7/16/22,42 59 09.8,70 36 51.4,64,NA,NA,Aly,42.98605556,-70.61427778,44758.6093055556,15.07,2.32,2022-07-16T14:37:24Z,0,down
9,HalftideLedges,8,5,7/16/22,42 59 09.8,70 36 51.4,64,NA,NA,Aly,42.98605556,-70.61427778,44758.6093287037,14.74,3.63,2022-07-16T14:37:25Z,0,down
9,HalftideLedges,8,5,7/16/22,42 59 09.8,70 36 51.4,64,NA,NA,Aly,42.98605556,-70.61427778,44758.6093518519,14.24,4.74,2022-07-16T14:37:28Z,0,down
9,HalftideLedges,8,5,7/16/22,42 59 09.8,70 36 51.4,64,NA,NA,Aly,42.98605556,-70.61427778,44758.609375,13.9,5.32,2022-07-16T14:37:30Z,0,down
9,HalftideLedges,8,5,7/16/22,42 59 09.8,70 36 51.4,64,NA,NA,Aly,42.98605556,-70.61427778,44758.6093981481,13.65,6.3,2022-07-16T14:37:31Z,0,down
9,HalftideLedges,8,5,7/16/22,42 59 09.8,70 36 51.4,64,NA,NA,Aly,42.98605556,-70.61427778,44758.6094212963,13.4,7.18,2022-07-16T14:37:34Z,0,down
9,HalftideLedges,8,5,7/16/22,42 59 09.8,70 36 51.4,64,NA,NA,Aly,42.98605556,-70.61427778,44758.6094444444,13.21,7.61,2022-07-16T14:37:35Z,0,down
9,HalftideLedges,8,5,7/16/22,42 59 09.8,70 36 51.4,64,NA,NA,Aly,42.98605556,-70.61427778,44758.6094675926,12.99,8.14,2022-07-16T14:37:38Z,0,down
9,HalftideLedges,8,5,7/16/22,42 59 09.8,70 36 51.4,64,NA,NA,Aly,42.98605556,-70.61427778,44758.6094907407,12.8,9.19,2022-07-16T14:37:39Z,0,down
9,HalftideLedges,8,5,7/16/22,42 59 09.8,70 36 51.4,64,NA,NA,Aly,42.98605556,-70.61427778,44758.6095138889,12.48,10.15,2022-07-16T14:37:42Z,0,down
9,HalftideLedges,8,5,7/16/22,42 59 09.8,70 36 51.4,64,NA,NA,Aly,42.98605556,-70.61427778,44758.609537037,12.26,11.13,2022-07-16T14:37:43Z,0,down
9,HalftideLedges,8,5,7/16/22,42 59 09.8,70 36 51.4,64,NA,NA,Aly,42.98605556,-70.61427778,44758.6095601852,12.04,12.11,2022-07-16T14:37:46Z,0,down
9,HalftideLedges,8,5,7/16/22,42 59 09.8,70 36 51.4,64,NA,NA,Aly,42.98605556,-70.61427778,44758.6095833333,11.81,12.85,2022-07-16T14:37:47Z,0,down
9,HalftideLedges,8,5,7/16/22,42 59 09.8,70 36 51.4,64,NA,NA,Aly,42.98605556,-70.61427778,44758.6096064815,11.62,13.67,2022-07-16T14:37:50Z,0,down
9,HalftideLedges,8,5,7/16/22,42 59 09.8,70 36 51.4,64,NA,NA,Aly,42.98605556,-70.61427778,44758.6096296296,11.46,14.36,2022-07-16T14:37:51Z,0,down
9,HalftideLedges,8,5,7/16/22,42 59 09.8,70 36 51.4,64,NA,NA,Aly,42.98605556,-70.61427778,44758.6096527778,11.3,15.15,2022-07-16T14:37:54Z,0,down
9,HalftideLedges,8,5,7/16/22,42 59 09.8,70 36 51.4,64,NA,NA,Aly,42.98605556,-70.61427778,44758.6096759259,11.17,15.87,2022-07-16T14:37:55Z,0,down
9,HalftideLedges,8,5,7/16/22,42 59 09.8,70 36 51.4,64,NA,NA,Aly,42.98605556,-70.61427778,44758.6096990741,11.07,16.73,2022-07-16T14:37:58Z,0,down
9,HalftideLedges,8,5,7/16/22,42 59 09.8,70 36 51.4,64,NA,NA,Aly,42.98605556,-70.61427778,44758.6097222222,10.98,17.68,2022-07-16T14:37:59Z,0,down
9,HalftideLedges,8,5,7/16/22,42 59 09.8,70 36 51.4,64,NA,NA,Aly,42.98605556,-70.61427778,44758.6097453704,10.85,18.31,2022-07-16T14:38:02Z,0,down
9,HalftideLedges,8,5,7/16/22,42 59 09.8,70 36 51.4,64,NA,NA,Aly,42.98605556,-70.61427778,44758.6097685185,10.68,18.38,2022-07-16T14:38:03Z,0,down
9,HalftideLedges,8,5,7/16/22,42 59 09.8,70 36 51.4,64,NA,NA,Aly,42.98605556,-70.61427778,44758.6097916667,10.55,18.37,2022-07-16T14:38:06Z,0,down
9,HalftideLedges,8,5,7/16/22,42 59 09.8,70 36 51.4,64,NA,NA,Aly,42.98605556,-70.61427778,44758.6098148148,10.49,18.39,2022-07-16T14:38:07Z,0,down
9,HalftideLedges,8,5,7/16/22,42 59 09.8,70 36 51.4,64,NA,NA,Aly,42.98605556,-70.61427778,44758.609837963,10.42,18.41,2022-07-16T14:38:10Z,0,up
9,HalftideLedges,8,5,7/16/22,42 59 09.8,70 36 51.4,64,NA,NA,Aly,42.98605556,-70.61427778,44758.6098611111,10.36,18.34,2022-07-16T14:38:11Z,0,up
9,HalftideLedges,8,5,7/16/22,42 59 09.8,70 36 51.4,64,NA,NA,Aly,42.98605556,-70.61427778,44758.6098842593,10.29,18.36,2022-07-16T14:38:14Z,0,up
9,HalftideLedges,8,5,7/16/22,42 59 09.8,70 36 51.4,64,NA,NA,Aly,42.98605556,-70.61427778,44758.6099074074,10.19,18.31,2022-07-16T14:38:15Z,0,up
9,HalftideLedges,8,5,7/16/22,42 59 09.8,70 36 51.4,64,NA,NA,Aly,42.98605556,-70.61427778,44758.6099305556,10.16,18.31,2022-07-16T14:38:18Z,0,up
9,HalftideLedges,8,5,7/16/22,42 59 09.8,70 36 51.4,64,NA,NA,Aly,42.98605556,-70.61427778,44758.6099537037,10.09,18.07,2022-07-16T14:38:19Z,0,up
9,HalftideLedges,8,5,7/16/22,42 59 09.8,70 36 51.4,64,NA,NA,Aly,42.98605556,-70.61427778,44758.6099768519,10.06,17.01,2022-07-16T14:38:22Z,0,up
9,HalftideLedges,8,5,7/16/22,42 59 09.8,70 36 51.4,64,NA,NA,Aly,42.98605556,-70.61427778,44758.61,10.13,16.08,2022-07-16T14:38:24Z,0,up
9,HalftideLedges,8,5,7/16/22,42 59 09.8,70 36 51.4,64,NA,NA,Aly,42.98605556,-70.61427778,44758.6100231481,10.13,15.59,2022-07-16T14:38:25Z,0,up
9,HalftideLedges,8,5,7/16/22,42 59 09.8,70 36 51.4,64,NA,NA,Aly,42.98605556,-70.61427778,44758.6100462963,10.09,14.88,2022-07-16T14:38:28Z,0,up
9,HalftideLedges,8,5,7/16/22,42 59 09.8,70 36 51.4,64,NA,NA,Aly,42.98605556,-70.61427778,44758.6100694444,10.09,14.07,2022-07-16T14:38:29Z,0,up
9,HalftideLedges,8,5,7/16/22,42 59 09.8,70 36 51.4,64,NA,NA,Aly,42.98605556,-70.61427778,44758.6100925926,10.09,13.13,2022-07-16T14:38:32Z,0,up
9,HalftideLedges,8,5,7/16/22,42 59 09.8,70 36 51.4,64,NA,NA,Aly,42.98605556,-70.61427778,44758.6101157407,10.13,12.22,2022-07-16T14:38:33Z,0,up
9,HalftideLedges,8,5,7/16/22,42 59 09.8,70 36 51.4,64,NA,NA,Aly,42.98605556,-70.61427778,44758.6101388889,10.13,11.41,2022-07-16T14:38:36Z,0,up
9,HalftideLedges,8,5,7/16/22,42 59 09.8,70 36 51.4,64,NA,NA,Aly,42.98605556,-70.61427778,44758.610162037,10.16,10.7,2022-07-16T14:38:37Z,0,up
9,HalftideLedges,8,5,7/16/22,42 59 09.8,70 36 51.4,64,NA,NA,Aly,42.98605556,-70.61427778,44758.6101851852,10.23,9.77,2022-07-16T14:38:40Z,0,up
9,HalftideLedges,8,5,7/16/22,42 59 09.8,70 36 51.4,64,NA,NA,Aly,42.98605556,-70.61427778,44758.6102083333,10.32,8.93,2022-07-16T14:38:41Z,0,up
9,HalftideLedges,8,5,7/16/22,42 59 09.8,70 36 51.4,64,NA,NA,Aly,42.98605556,-70.61427778,44758.6102314815,10.39,8.16,2022-07-16T14:38:44Z,0,up
9,HalftideLedges,8,5,7/16/22,42 59 09.8,70 36 51.4,64,NA,NA,Aly,42.98605556,-70.61427778,44758.6102546296,10.59,7.27,2022-07-16T14:38:45Z,0,up
9,HalftideLedges,8,5,7/16/22,42 59 09.8,70 36 51.4,64,NA,NA,Aly,42.98605556,-70.61427778,44758.6102777778,10.75,6.34,2022-07-16T14:38:48Z,0,up
9,HalftideLedges,8,5,7/16/22,42 59 09.8,70 36 51.4,64,NA,NA,Aly,42.98605556,-70.61427778,44758.6103009259,10.91,5.48,2022-07-16T14:38:49Z,0,up
9,HalftideLedges,8,5,7/16/22,42 59 09.8,70 36 51.4,64,NA,NA,Aly,42.98605556,-70.61427778,44758.6103240741,11.11,4.89,2022-07-16T14:38:52Z,0,up
9,HalftideLedges,8,5,7/16/22,42 59 09.8,70 36 51.4,64,NA,NA,Aly,42.98605556,-70.61427778,44758.6103472222,11.23,4.01,2022-07-16T14:38:53Z,0,up
9,HalftideLedges,8,5,7/16/22,42 59 09.8,70 36 51.4,64,NA,NA,Aly,42.98605556,-70.61427778,44758.6103703704,11.36,3.11,2022-07-16T14:38:56Z,0,up
9,HalftideLedges,8,5,7/16/22,42 59 09.8,70 36 51.4,64,NA,NA,Aly,42.98605556,-70.61427778,44758.6103935185,11.65,2.09,2022-07-16T14:38:57Z,0,up
9,HalftideLedges,8,5,7/16/22,42 59 09.8,70 36 51.4,64,NA,NA,Aly,42.98605556,-70.61427778,44758.6104166667,11.94,1.31,2022-07-16T14:39:00Z,0,up
9,HalftideLedges,8,5,7/16/22,42 59 09.8,70 36 51.4,64,NA,NA,Aly,42.98605556,-70.61427778,44758.6104398148,12.23,0.59,2022-07-16T14:39:01Z,0,up
10,Transect25,8,4,7/16/22,42 59 02.5,70 36 73.9,50,NA,NA,Sarah,42.98402778,-70.62052778,44758.6140046296,15.9,0.19,2022-07-16T14:44:09Z,1,down
10,Transect25,8,4,7/16/22,42 59 02.5,70 36 73.9,50,NA,NA,Sarah,42.98402778,-70.62052778,44758.6140277778,15.84,0.89,2022-07-16T14:44:12Z,0,down
10,Transect25,8,4,7/16/22,42 59 02.5,70 36 73.9,50,NA,NA,Sarah,42.98402778,-70.62052778,44758.6140509259,15.81,1.76,2022-07-16T14:44:13Z,0,down
10,Transect25,8,4,7/16/22,42 59 02.5,70 36 73.9,50,NA,NA,Sarah,42.98402778,-70.62052778,44758.6140740741,15.78,2.75,2022-07-16T14:44:16Z,0,down
10,Transect25,8,4,7/16/22,42 59 02.5,70 36 73.9,50,NA,NA,Sarah,42.98402778,-70.62052778,44758.6140972222,15.75,3.77,2022-07-16T14:44:17Z,0,down
10,Transect25,8,4,7/16/22,42 59 02.5,70 36 73.9,50,NA,NA,Sarah,42.98402778,-70.62052778,44758.6141203704,15.6,4.87,2022-07-16T14:44:20Z,0,down
10,Transect25,8,4,7/16/22,42 59 02.5,70 36 73.9,50,NA,NA,Sarah,42.98402778,-70.62052778,44758.6141435185,15.47,5.77,2022-07-16T14:44:21Z,0,down
10,Transect25,8,4,7/16/22,42 59 02.5,70 36 73.9,50,NA,NA,Sarah,42.98402778,-70.62052778,44758.6141666667,15.2,6.65,2022-07-16T14:44:24Z,0,down
10,Transect25,8,4,7/16/22,42 59 02.5,70 36 73.9,50,NA,NA,Sarah,42.98402778,-70.62052778,44758.6141898148,14.92,7.66,2022-07-16T14:44:25Z,0,down
10,Transect25,8,4,7/16/22,42 59 02.5,70 36 73.9,50,NA,NA,Sarah,42.98402778,-70.62052778,44758.614212963,14.8,8.46,2022-07-16T14:44:28Z,0,down
10,Transect25,8,4,7/16/22,42 59 02.5,70 36 73.9,50,NA,NA,Sarah,42.98402778,-70.62052778,44758.6142361111,14.43,9.55,2022-07-16T14:44:29Z,0,down
10,Transect25,8,4,7/16/22,42 59 02.5,70 36 73.9,50,NA,NA,Sarah,42.98402778,-70.62052778,44758.6142592593,13.96,10.46,2022-07-16T14:44:32Z,0,down
10,Transect25,8,4,7/16/22,42 59 02.5,70 36 73.9,50,NA,NA,Sarah,42.98402778,-70.62052778,44758.6142824074,13.55,11.41,2022-07-16T14:44:33Z,0,down
10,Transect25,8,4,7/16/22,42 59 02.5,70 36 73.9,50,NA,NA,Sarah,42.98402778,-70.62052778,44758.6143055556,13.24,12.28,2022-07-16T14:44:36Z,0,down
10,Transect25,8,4,7/16/22,42 59 02.5,70 36 73.9,50,NA,NA,Sarah,42.98402778,-70.62052778,44758.6143287037,12.93,12.59,2022-07-16T14:44:37Z,0,down
10,Transect25,8,4,7/16/22,42 59 02.5,70 36 73.9,50,NA,NA,Sarah,42.98402778,-70.62052778,44758.6143518519,12.64,12.74,2022-07-16T14:44:40Z,0,up
10,Transect25,8,4,7/16/22,42 59 02.5,70 36 73.9,50,NA,NA,Sarah,42.98402778,-70.62052778,44758.614375,12.48,12.72,2022-07-16T14:44:41Z,0,up
10,Transect25,8,4,7/16/22,42 59 02.5,70 36 73.9,50,NA,NA,Sarah,42.98402778,-70.62052778,44758.6143981482,12.36,12.67,2022-07-16T14:44:44Z,0,up
10,Transect25,8,4,7/16/22,42 59 02.5,70 36 73.9,50,NA,NA,Sarah,42.98402778,-70.62052778,44758.6144212963,12.26,12.66,2022-07-16T14:44:46Z,0,up
10,Transect25,8,4,7/16/22,42 59 02.5,70 36 73.9,50,NA,NA,Sarah,42.98402778,-70.62052778,44758.6144444444,12.16,12.61,2022-07-16T14:44:47Z,0,up
10,Transect25,8,4,7/16/22,42 59 02.5,70 36 73.9,50,NA,NA,Sarah,42.98402778,-70.62052778,44758.6144675926,12.1,12.6,2022-07-16T14:44:50Z,0,up
10,Transect25,8,4,7/16/22,42 59 02.5,70 36 73.9,50,NA,NA,Sarah,42.98402778,-70.62052778,44758.6144907407,12.01,12.56,2022-07-16T14:44:51Z,0,up
10,Transect25,8,4,7/16/22,42 59 02.5,70 36 73.9,50,NA,NA,Sarah,42.98402778,-70.62052778,44758.6145138889,11.94,12.55,2022-07-16T14:44:54Z,0,up
10,Transect25,8,4,7/16/22,42 59 02.5,70 36 73.9,50,NA,NA,Sarah,42.98402778,-70.62052778,44758.614537037,11.88,12.47,2022-07-16T14:44:55Z,0,up
10,Transect25,8,4,7/16/22,42 59 02.5,70 36 73.9,50,NA,NA,Sarah,42.98402778,-70.62052778,44758.6145601852,11.81,12.5,2022-07-16T14:44:58Z,0,up
10,Transect25,8,4,7/16/22,42 59 02.5,70 36 73.9,50,NA,NA,Sarah,42.98402778,-70.62052778,44758.6145833333,11.78,12.43,2022-07-16T14:44:59Z,0,up
10,Transect25,8,4,7/16/22,42 59 02.5,70 36 73.9,50,NA,NA,Sarah,42.98402778,-70.62052778,44758.6146064815,11.75,11.74,2022-07-16T14:45:02Z,0,up
10,Transect25,8,4,7/16/22,42 59 02.5,70 36 73.9,50,NA,NA,Sarah,42.98402778,-70.62052778,44758.6146296296,11.78,10.93,2022-07-16T14:45:03Z,0,up
10,Transect25,8,4,7/16/22,42 59 02.5,70 36 73.9,50,NA,NA,Sarah,42.98402778,-70.62052778,44758.6146527778,11.81,10.16,2022-07-16T14:45:06Z,0,up
10,Transect25,8,4,7/16/22,42 59 02.5,70 36 73.9,50,NA,NA,Sarah,42.98402778,-70.62052778,44758.6146759259,11.88,9.22,2022-07-16T14:45:07Z,0,up
10,Transect25,8,4,7/16/22,42 59 02.5,70 36 73.9,50,NA,NA,Sarah,42.98402778,-70.62052778,44758.6146990741,12.01,8.33,2022-07-16T14:45:10Z,0,up
10,Transect25,8,4,7/16/22,42 59 02.5,70 36 73.9,50,NA,NA,Sarah,42.98402778,-70.62052778,44758.6147222222,12.29,7.35,2022-07-16T14:45:11Z,0,up
10,Transect25,8,4,7/16/22,42 59 02.5,70 36 73.9,50,NA,NA,Sarah,42.98402778,-70.62052778,44758.6147453704,12.64,6.42,2022-07-16T14:45:14Z,0,up
10,Transect25,8,4,7/16/22,42 59 02.5,70 36 73.9,50,NA,NA,Sarah,42.98402778,-70.62052778,44758.6147685185,12.96,5.64,2022-07-16T14:45:15Z,0,up
10,Transect25,8,4,7/16/22,42 59 02.5,70 36 73.9,50,NA,NA,Sarah,42.98402778,-70.62052778,44758.6147916667,13.27,4.8,2022-07-16T14:45:18Z,0,up
10,Transect25,8,4,7/16/22,42 59 02.5,70 36 73.9,50,NA,NA,Sarah,42.98402778,-70.62052778,44758.6148148148,13.62,3.99,2022-07-16T14:45:19Z,0,up
10,Transect25,8,4,7/16/22,42 59 02.5,70 36 73.9,50,NA,NA,Sarah,42.98402778,-70.62052778,44758.614837963,13.9,3.21,2022-07-16T14:45:22Z,0,up
10,Transect25,8,4,7/16/22,42 59 02.5,70 36 73.9,50,NA,NA,Sarah,42.98402778,-70.62052778,44758.6148611111,14.15,2.45,2022-07-16T14:45:23Z,0,up
10,Transect25,8,4,7/16/22,42 59 02.5,70 36 73.9,50,NA,NA,Sarah,42.98402778,-70.62052778,44758.6148842593,14.3,1.74,2022-07-16T14:45:26Z,0,up
10,Transect25,8,4,7/16/22,42 59 02.5,70 36 73.9,50,NA,NA,Sarah,42.98402778,-70.62052778,44758.6149074074,14.43,0.93,2022-07-16T14:45:27Z,0,up
11,SmithsCove,8,2,7/16/22,42 59 05.4,70 37 09.1,30.5,NA,NA,Petra,42.98483333,-70.61919444,44758.6149305556,14.55,0.16,2022-07-16T14:45:30Z,1,down
11,SmithsCove,8,2,7/16/22,42 59 05.4,70 37 09.1,30.5,NA,NA,Petra,42.98483333,-70.61919444,44758.6180324074,16.18,0.59,2022-07-16T14:49:57Z,0,down
11,SmithsCove,8,2,7/16/22,42 59 05.4,70 37 09.1,30.5,NA,NA,Petra,42.98483333,-70.61919444,44758.6180555556,16.12,1.77,2022-07-16T14:50:00Z,0,down
11,SmithsCove,8,2,7/16/22,42 59 05.4,70 37 09.1,30.5,NA,NA,Petra,42.98483333,-70.61919444,44758.6180787037,16.12,2.8,2022-07-16T14:50:01Z,0,down
11,SmithsCove,8,2,7/16/22,42 59 05.4,70 37 09.1,30.5,NA,NA,Petra,42.98483333,-70.61919444,44758.6181018519,16.05,3.65,2022-07-16T14:50:04Z,0,down
11,SmithsCove,8,2,7/16/22,42 59 05.4,70 37 09.1,30.5,NA,NA,Petra,42.98483333,-70.61919444,44758.618125,16.02,4.56,2022-07-16T14:50:06Z,0,down
11,SmithsCove,8,2,7/16/22,42 59 05.4,70 37 09.1,30.5,NA,NA,Petra,42.98483333,-70.61919444,44758.6181481481,15.9,5.7,2022-07-16T14:50:07Z,0,down
11,SmithsCove,8,2,7/16/22,42 59 05.4,70 37 09.1,30.5,NA,NA,Petra,42.98483333,-70.61919444,44758.6181712963,15.63,6.68,2022-07-16T14:50:10Z,0,down
11,SmithsCove,8,2,7/16/22,42 59 05.4,70 37 09.1,30.5,NA,NA,Petra,42.98483333,-70.61919444,44758.6181944444,15.5,7.35,2022-07-16T14:50:11Z,0,down
11,SmithsCove,8,2,7/16/22,42 59 05.4,70 37 09.1,30.5,NA,NA,Petra,42.98483333,-70.61919444,44758.6182175926,15.32,7.58,2022-07-16T14:50:14Z,0,down
11,SmithsCove,8,2,7/16/22,42 59 05.4,70 37 09.1,30.5,NA,NA,Petra,42.98483333,-70.61919444,44758.6182407407,15.2,7.83,2022-07-16T14:50:15Z,0,up
11,SmithsCove,8,2,7/16/22,42 59 05.4,70 37 09.1,30.5,NA,NA,Petra,42.98483333,-70.61919444,44758.6182638889,15.01,7.74,2022-07-16T14:50:18Z,0,up
11,SmithsCove,8,2,7/16/22,42 59 05.4,70 37 09.1,30.5,NA,NA,Petra,42.98483333,-70.61919444,44758.618287037,14.95,7.79,2022-07-16T14:50:19Z,0,up
11,SmithsCove,8,2,7/16/22,42 59 05.4,70 37 09.1,30.5,NA,NA,Petra,42.98483333,-70.61919444,44758.6183101852,14.89,7.79,2022-07-16T14:50:22Z,0,up
11,SmithsCove,8,2,7/16/22,42 59 05.4,70 37 09.1,30.5,NA,NA,Petra,42.98483333,-70.61919444,44758.6183333333,14.89,7.79,2022-07-16T14:50:23Z,0,up
11,SmithsCove,8,2,7/16/22,42 59 05.4,70 37 09.1,30.5,NA,NA,Petra,42.98483333,-70.61919444,44758.6183564815,14.86,7.75,2022-07-16T14:50:26Z,0,up
11,SmithsCove,8,2,7/16/22,42 59 05.4,70 37 09.1,30.5,NA,NA,Petra,42.98483333,-70.61919444,44758.6183796296,14.83,7.71,2022-07-16T14:50:27Z,0,up
11,SmithsCove,8,2,7/16/22,42 59 05.4,70 37 09.1,30.5,NA,NA,Petra,42.98483333,-70.61919444,44758.6184027778,14.77,7.83,2022-07-16T14:50:30Z,0,up
11,SmithsCove,8,2,7/16/22,42 59 05.4,70 37 09.1,30.5,NA,NA,Petra,42.98483333,-70.61919444,44758.6184259259,14.74,7.57,2022-07-16T14:50:31Z,0,up
11,SmithsCove,8,2,7/16/22,42 59 05.4,70 37 09.1,30.5,NA,NA,Petra,42.98483333,-70.61919444,44758.6184490741,14.77,6.98,2022-07-16T14:50:34Z,0,up
11,SmithsCove,8,2,7/16/22,42 59 05.4,70 37 09.1,30.5,NA,NA,Petra,42.98483333,-70.61919444,44758.6184722222,14.86,6.44,2022-07-16T14:50:35Z,0,up
11,SmithsCove,8,2,7/16/22,42 59 05.4,70 37 09.1,30.5,NA,NA,Petra,42.98483333,-70.61919444,44758.6184953704,15.04,5.64,2022-07-16T14:50:38Z,0,up
11,SmithsCove,8,2,7/16/22,42 59 05.4,70 37 09.1,30.5,NA,NA,Petra,42.98483333,-70.61919444,44758.6185185185,15.26,4.62,2022-07-16T14:50:39Z,0,up
11,SmithsCove,8,2,7/16/22,42 59 05.4,70 37 09.1,30.5,NA,NA,Petra,42.98483333,-70.61919444,44758.6185416667,15.35,3.68,2022-07-16T14:50:42Z,0,up
11,SmithsCove,8,2,7/16/22,42 59 05.4,70 37 09.1,30.5,NA,NA,Petra,42.98483333,-70.61919444,44758.6185648148,15.44,3.03,2022-07-16T14:50:43Z,0,up
11,SmithsCove,8,2,7/16/22,42 59 05.4,70 37 09.1,30.5,NA,NA,Petra,42.98483333,-70.61919444,44758.618587963,15.5,2.28,2022-07-16T14:50:46Z,0,up
11,SmithsCove,8,2,7/16/22,42 59 05.4,70 37 09.1,30.5,NA,NA,Petra,42.98483333,-70.61919444,44758.6186111111,15.53,1.49,2022-07-16T14:50:47Z,0,up
12,Transect28,7,1,7/16/22,42 59 18.4,70 37 18.8,39.4,NA,NA,Aly,42.98844444,-70.62188889,44758.6186342593,15.57,0.69,2022-07-16T14:50:50Z,1,down
12,Transect28,7,1,7/16/22,42 59 18.4,70 37 18.8,39.4,NA,NA,Aly,42.98844444,-70.62188889,44758.6208796296,16.18,0.93,2022-07-16T14:54:03Z,0,down
12,Transect28,7,1,7/16/22,42 59 18.4,70 37 18.8,39.4,NA,NA,Aly,42.98844444,-70.62188889,44758.6209027778,16.08,2.06,2022-07-16T14:54:06Z,0,down
12,Transect28,7,1,7/16/22,42 59 18.4,70 37 18.8,39.4,NA,NA,Aly,42.98844444,-70.62188889,44758.6209259259,15.99,2.84,2022-07-16T14:54:07Z,0,down
12,Transect28,7,1,7/16/22,42 59 18.4,70 37 18.8,39.4,NA,NA,Aly,42.98844444,-70.62188889,44758.6209490741,15.93,3.66,2022-07-16T14:54:10Z,0,down
12,Transect28,7,1,7/16/22,42 59 18.4,70 37 18.8,39.4,NA,NA,Aly,42.98844444,-70.62188889,44758.6209722222,15.87,4.41,2022-07-16T14:54:11Z,0,down
12,Transect28,7,1,7/16/22,42 59 18.4,70 37 18.8,39.4,NA,NA,Aly,42.98844444,-70.62188889,44758.6209953704,15.78,5.06,2022-07-16T14:54:14Z,0,down
12,Transect28,7,1,7/16/22,42 59 18.4,70 37 18.8,39.4,NA,NA,Aly,42.98844444,-70.62188889,44758.6210185185,15.57,6.01,2022-07-16T14:54:15Z,0,down
12,Transect28,7,1,7/16/22,42 59 18.4,70 37 18.8,39.4,NA,NA,Aly,42.98844444,-70.62188889,44758.6210416667,15.41,6.91,2022-07-16T14:54:18Z,0,down
12,Transect28,7,1,7/16/22,42 59 18.4,70 37 18.8,39.4,NA,NA,Aly,42.98844444,-70.62188889,44758.6210648148,15.26,7.64,2022-07-16T14:54:19Z,0,down
12,Transect28,7,1,7/16/22,42 59 18.4,70 37 18.8,39.4,NA,NA,Aly,42.98844444,-70.62188889,44758.621087963,15.14,8.57,2022-07-16T14:54:22Z,0,down
12,Transect28,7,1,7/16/22,42 59 18.4,70 37 18.8,39.4,NA,NA,Aly,42.98844444,-70.62188889,44758.6211111111,14.98,9.53,2022-07-16T14:54:23Z,0,down
12,Transect28,7,1,7/16/22,42 59 18.4,70 37 18.8,39.4,NA,NA,Aly,42.98844444,-70.62188889,44758.6211342593,14.86,10.23,2022-07-16T14:54:26Z,0,down
12,Transect28,7,1,7/16/22,42 59 18.4,70 37 18.8,39.4,NA,NA,Aly,42.98844444,-70.62188889,44758.6211574074,14.64,10.59,2022-07-16T14:54:27Z,0,down
12,Transect28,7,1,7/16/22,42 59 18.4,70 37 18.8,39.4,NA,NA,Aly,42.98844444,-70.62188889,44758.6211805556,14.4,11.17,2022-07-16T14:54:30Z,0,down
12,Transect28,7,1,7/16/22,42 59 18.4,70 37 18.8,39.4,NA,NA,Aly,42.98844444,-70.62188889,44758.6212037037,14.15,11.56,2022-07-16T14:54:31Z,0,down
12,Transect28,7,1,7/16/22,42 59 18.4,70 37 18.8,39.4,NA,NA,Aly,42.98844444,-70.62188889,44758.6212268519,13.84,11.68,2022-07-16T14:54:34Z,0,down
12,Transect28,7,1,7/16/22,42 59 18.4,70 37 18.8,39.4,NA,NA,Aly,42.98844444,-70.62188889,44758.62125,13.65,11.81,2022-07-16T14:54:35Z,0,down
12,Transect28,7,1,7/16/22,42 59 18.4,70 37 18.8,39.4,NA,NA,Aly,42.98844444,-70.62188889,44758.6212731482,13.52,11.83,2022-07-16T14:54:38Z,0,up
12,Transect28,7,1,7/16/22,42 59 18.4,70 37 18.8,39.4,NA,NA,Aly,42.98844444,-70.62188889,44758.621296296304,13.43,11.72,2022-07-16T14:54:40Z,0,up
12,Transect28,7,1,7/16/22,42 59 18.4,70 37 18.8,39.4,NA,NA,Aly,42.98844444,-70.62188889,44758.6213194444,13.33,11.77,2022-07-16T14:54:41Z,0,up
12,Transect28,7,1,7/16/22,42 59 18.4,70 37 18.8,39.4,NA,NA,Aly,42.98844444,-70.62188889,44758.6213425926,13.24,11.79,2022-07-16T14:54:44Z,0,up
12,Transect28,7,1,7/16/22,42 59 18.4,70 37 18.8,39.4,NA,NA,Aly,42.98844444,-70.62188889,44758.6213657407,13.18,11.75,2022-07-16T14:54:45Z,0,up
12,Transect28,7,1,7/16/22,42 59 18.4,70 37 18.8,39.4,NA,NA,Aly,42.98844444,-70.62188889,44758.6213888889,13.15,11.03,2022-07-16T14:54:48Z,0,up
12,Transect28,7,1,7/16/22,42 59 18.4,70 37 18.8,39.4,NA,NA,Aly,42.98844444,-70.62188889,44758.621412037,13.21,10.13,2022-07-16T14:54:49Z,0,up
12,Transect28,7,1,7/16/22,42 59 18.4,70 37 18.8,39.4,NA,NA,Aly,42.98844444,-70.62188889,44758.6214351852,13.43,9.31,2022-07-16T14:54:52Z,0,up
12,Transect28,7,1,7/16/22,42 59 18.4,70 37 18.8,39.4,NA,NA,Aly,42.98844444,-70.62188889,44758.6214583333,13.68,8.4,2022-07-16T14:54:53Z,0,up
12,Transect28,7,1,7/16/22,42 59 18.4,70 37 18.8,39.4,NA,NA,Aly,42.98844444,-70.62188889,44758.6214814815,13.87,7.58,2022-07-16T14:54:56Z,0,up
12,Transect28,7,1,7/16/22,42 59 18.4,70 37 18.8,39.4,NA,NA,Aly,42.98844444,-70.62188889,44758.6215046296,13.96,6.74,2022-07-16T14:54:57Z,0,up
12,Transect28,7,1,7/16/22,42 59 18.4,70 37 18.8,39.4,NA,NA,Aly,42.98844444,-70.62188889,44758.6215277778,14.08,5.74,2022-07-16T14:55:00Z,0,up
12,Transect28,7,1,7/16/22,42 59 18.4,70 37 18.8,39.4,NA,NA,Aly,42.98844444,-70.62188889,44758.6215509259,14.18,5,2022-07-16T14:55:01Z,0,up
12,Transect28,7,1,7/16/22,42 59 18.4,70 37 18.8,39.4,NA,NA,Aly,42.98844444,-70.62188889,44758.6215740741,14.33,4.2,2022-07-16T14:55:04Z,0,up
12,Transect28,7,1,7/16/22,42 59 18.4,70 37 18.8,39.4,NA,NA,Aly,42.98844444,-70.62188889,44758.6215972222,14.55,3.14,2022-07-16T14:55:05Z,0,up
12,Transect28,7,1,7/16/22,42 59 18.4,70 37 18.8,39.4,NA,NA,Aly,42.98844444,-70.62188889,44758.6216203704,14.7,2.27,2022-07-16T14:55:08Z,0,up
12,Transect28,7,1,7/16/22,42 59 18.4,70 37 18.8,39.4,NA,NA,Aly,42.98844444,-70.62188889,44758.6216435185,14.86,1.19,2022-07-16T14:55:09Z,0,up
12,Transect28,7,1,7/16/22,42 59 18.4,70 37 18.8,39.4,NA,NA,Aly,42.98844444,-70.62188889,44758.6216666667,14.95,0.19,2022-07-16T14:55:12Z,0,up
13,BabbsCove,6,1,7/16/22,42 59 02.5,70 36 73.9,46,NA,NA,Sarah,42.98402778,-70.62052778,44758.6244212963,16.24,0.06,2022-07-16T14:59:10Z,1,down
13,BabbsCove,6,1,7/16/22,42 59 02.5,70 36 73.9,46,NA,NA,Sarah,42.98402778,-70.62052778,44758.6244444444,16.15,0.73,2022-07-16T14:59:11Z,0,down
13,BabbsCove,6,1,7/16/22,42 59 02.5,70 36 73.9,46,NA,NA,Sarah,42.98402778,-70.62052778,44758.6244675926,16.08,1.47,2022-07-16T14:59:14Z,0,down
13,BabbsCove,6,1,7/16/22,42 59 02.5,70 36 73.9,46,NA,NA,Sarah,42.98402778,-70.62052778,44758.6244907407,15.99,2.45,2022-07-16T14:59:15Z,0,down
13,BabbsCove,6,1,7/16/22,42 59 02.5,70 36 73.9,46,NA,NA,Sarah,42.98402778,-70.62052778,44758.6245138889,15.9,3.43,2022-07-16T14:59:18Z,0,down
13,BabbsCove,6,1,7/16/22,42 59 02.5,70 36 73.9,46,NA,NA,Sarah,42.98402778,-70.62052778,44758.624537037,15.78,4.46,2022-07-16T14:59:19Z,0,down
13,BabbsCove,6,1,7/16/22,42 59 02.5,70 36 73.9,46,NA,NA,Sarah,42.98402778,-70.62052778,44758.6245601852,15.6,5.39,2022-07-16T14:59:22Z,0,down
13,BabbsCove,6,1,7/16/22,42 59 02.5,70 36 73.9,46,NA,NA,Sarah,42.98402778,-70.62052778,44758.6245833333,15.47,6.46,2022-07-16T14:59:23Z,0,down
13,BabbsCove,6,1,7/16/22,42 59 02.5,70 36 73.9,46,NA,NA,Sarah,42.98402778,-70.62052778,44758.6246064815,15.35,7.13,2022-07-16T14:59:26Z,0,down
13,BabbsCove,6,1,7/16/22,42 59 02.5,70 36 73.9,46,NA,NA,Sarah,42.98402778,-70.62052778,44758.6246296296,15.2,7.76,2022-07-16T14:59:27Z,0,down
13,BabbsCove,6,1,7/16/22,42 59 02.5,70 36 73.9,46,NA,NA,Sarah,42.98402778,-70.62052778,44758.6246527778,15.07,8.79,2022-07-16T14:59:30Z,0,down
13,BabbsCove,6,1,7/16/22,42 59 02.5,70 36 73.9,46,NA,NA,Sarah,42.98402778,-70.62052778,44758.6246759259,14.92,9.85,2022-07-16T14:59:31Z,0,down
13,BabbsCove,6,1,7/16/22,42 59 02.5,70 36 73.9,46,NA,NA,Sarah,42.98402778,-70.62052778,44758.6246990741,14.83,10.87,2022-07-16T14:59:34Z,0,down
13,BabbsCove,6,1,7/16/22,42 59 02.5,70 36 73.9,46,NA,NA,Sarah,42.98402778,-70.62052778,44758.6247222222,14.74,11.61,2022-07-16T14:59:35Z,0,down
13,BabbsCove,6,1,7/16/22,42 59 02.5,70 36 73.9,46,NA,NA,Sarah,42.98402778,-70.62052778,44758.6247453704,14.43,12.35,2022-07-16T14:59:38Z,0,down
13,BabbsCove,6,1,7/16/22,42 59 02.5,70 36 73.9,46,NA,NA,Sarah,42.98402778,-70.62052778,44758.6247685185,14.05,12.36,2022-07-16T14:59:39Z,0,up
13,BabbsCove,6,1,7/16/22,42 59 02.5,70 36 73.9,46,NA,NA,Sarah,42.98402778,-70.62052778,44758.6247916667,13.87,12.33,2022-07-16T14:59:42Z,0,up
13,BabbsCove,6,1,7/16/22,42 59 02.5,70 36 73.9,46,NA,NA,Sarah,42.98402778,-70.62052778,44758.6248148148,13.77,12.25,2022-07-16T14:59:43Z,0,up
13,BabbsCove,6,1,7/16/22,42 59 02.5,70 36 73.9,46,NA,NA,Sarah,42.98402778,-70.62052778,44758.624837963,13.68,12.18,2022-07-16T14:59:46Z,0,up
13,BabbsCove,6,1,7/16/22,42 59 02.5,70 36 73.9,46,NA,NA,Sarah,42.98402778,-70.62052778,44758.6248611111,13.62,12.14,2022-07-16T14:59:47Z,0,up
13,BabbsCove,6,1,7/16/22,42 59 02.5,70 36 73.9,46,NA,NA,Sarah,42.98402778,-70.62052778,44758.6248842593,13.55,12.03,2022-07-16T14:59:50Z,0,up
13,BabbsCove,6,1,7/16/22,42 59 02.5,70 36 73.9,46,NA,NA,Sarah,42.98402778,-70.62052778,44758.6249074074,13.55,12.22,2022-07-16T14:59:51Z,0,up
13,BabbsCove,6,1,7/16/22,42 59 02.5,70 36 73.9,46,NA,NA,Sarah,42.98402778,-70.62052778,44758.6249305556,13.43,12.34,2022-07-16T14:59:54Z,0,up
13,BabbsCove,6,1,7/16/22,42 59 02.5,70 36 73.9,46,NA,NA,Sarah,42.98402778,-70.62052778,44758.6249537037,13.37,12.1,2022-07-16T14:59:55Z,0,up
13,BabbsCove,6,1,7/16/22,42 59 02.5,70 36 73.9,46,NA,NA,Sarah,42.98402778,-70.62052778,44758.6249768519,13.46,11.63,2022-07-16T14:59:58Z,0,up
13,BabbsCove,6,1,7/16/22,42 59 02.5,70 36 73.9,46,NA,NA,Sarah,42.98402778,-70.62052778,44758.625,13.68,11.01,2022-07-16T15:00:00Z,0,up
13,BabbsCove,6,1,7/16/22,42 59 02.5,70 36 73.9,46,NA,NA,Sarah,42.98402778,-70.62052778,44758.6250231481,13.84,10.41,2022-07-16T15:00:01Z,0,up
13,BabbsCove,6,1,7/16/22,42 59 02.5,70 36 73.9,46,NA,NA,Sarah,42.98402778,-70.62052778,44758.6250462963,13.9,9.77,2022-07-16T15:00:04Z,0,up
13,BabbsCove,6,1,7/16/22,42 59 02.5,70 36 73.9,46,NA,NA,Sarah,42.98402778,-70.62052778,44758.6250694444,13.93,9.12,2022-07-16T15:00:05Z,0,up
13,BabbsCove,6,1,7/16/22,42 59 02.5,70 36 73.9,46,NA,NA,Sarah,42.98402778,-70.62052778,44758.6250925926,13.96,8.57,2022-07-16T15:00:08Z,0,up
13,BabbsCove,6,1,7/16/22,42 59 02.5,70 36 73.9,46,NA,NA,Sarah,42.98402778,-70.62052778,44758.6251157407,14.02,7.93,2022-07-16T15:00:09Z,0,up
13,BabbsCove,6,1,7/16/22,42 59 02.5,70 36 73.9,46,NA,NA,Sarah,42.98402778,-70.62052778,44758.6251388889,14.12,7.09,2022-07-16T15:00:12Z,0,up
13,BabbsCove,6,1,7/16/22,42 59 02.5,70 36 73.9,46,NA,NA,Sarah,42.98402778,-70.62052778,44758.625162037,14.21,6.31,2022-07-16T15:00:13Z,0,up
13,BabbsCove,6,1,7/16/22,42 59 02.5,70 36 73.9,46,NA,NA,Sarah,42.98402778,-70.62052778,44758.6251851852,14.3,5.47,2022-07-16T15:00:16Z,0,up
13,BabbsCove,6,1,7/16/22,42 59 02.5,70 36 73.9,46,NA,NA,Sarah,42.98402778,-70.62052778,44758.6252083333,14.4,4.5,2022-07-16T15:00:17Z,0,up
13,BabbsCove,6,1,7/16/22,42 59 02.5,70 36 73.9,46,NA,NA,Sarah,42.98402778,-70.62052778,44758.6252314815,14.55,3.73,2022-07-16T15:00:20Z,0,up
13,BabbsCove,6,1,7/16/22,42 59 02.5,70 36 73.9,46,NA,NA,Sarah,42.98402778,-70.62052778,44758.6252546296,14.7,3.03,2022-07-16T15:00:21Z,0,up
13,BabbsCove,6,1,7/16/22,42 59 02.5,70 36 73.9,46,NA,NA,Sarah,42.98402778,-70.62052778,44758.6252777778,14.8,2.25,2022-07-16T15:00:24Z,0,up
13,BabbsCove,6,1,7/16/22,42 59 02.5,70 36 73.9,46,NA,NA,Sarah,42.98402778,-70.62052778,44758.6253009259,14.89,1.3,2022-07-16T15:00:25Z,0,up
14,NA,NA,NA,NA,NA,NA,NA,NA,NA,NA,NA,NA,44758.6253240741,14.98,0.33,2022-07-16T15:00:28Z,1,up
